deal_id,opportunity_id,customer_id,product,deal_stage,engage_date,close_date,close_value,sales_agent
DEAL00001,OPP00592,CUST00154,AI Platform,Qualification,2025-05-25,2026-04-16,177825.17,Agent B
DEAL00002,OPP00141,CUST00274,Cloud Subscription,Qualification,2025-12-22,2025-11-24,234567.38,Agent C
DEAL00003,OPP00474,CUST00298,Cloud Subscription,Proposal,2025-01-14,2025-08-11,60085.45,Agent D
DEAL00004,OPP00031,CUST00051,Cloud Subscription,Proposal,2025-10-02,2025-06-17,119713.31,Agent C
DEAL00005,OPP00063,CUST00500,Analytics Suite,Proposal,2025-03-12,2026-04-25,66375.8,Agent E
DEAL00006,OPP00560,CUST00369,Cloud Subscription,Prospecting,2025-11-11,2025-11-07,24622.58,Agent D
DEAL00007,OPP00087,CUST00212,Support Package,Lost,2025-07-14,2025-08-09,103791.48,Agent B
DEAL00008,OPP00304,CUST00144,Laptop,Lost,2025-12-19,2025-09-21,96649.78,Agent C
DEAL00009,OPP00061,CUST00357,Analytics Suite,Lost,2025-10-27,2026-01-18,71256.36,Agent A
DEAL00010,OPP00396,CUST00003,Support Package,Lost,2026-02-20,2025-06-21,77763.75,Agent A
DEAL00011,OPP00334,CUST00254,CRM License,Proposal,2026-01-02,2025-10-13,93300.89,Agent A
DEAL00012,OPP00411,CUST00475,Support Package,Prospecting,2025-01-11,2026-02-18,247265.22,Agent D
DEAL00013,OPP00284,CUST00335,Support Package,Lost,2025-04-16,2025-09-19,196824.65,Agent B
DEAL00014,OPP00466,CUST00256,CRM License,Won,2025-09-15,2026-09-30,22493.29,Agent B
DEAL00015,OPP00080,CUST00098,Support Package,Negotiation,2026-04-19,2026-02-01,218741.23,Agent B
DEAL00016,OPP00077,CUST00173,Laptop,Won,2026-01-16,2026-03-10,160159.31,Agent C
DEAL00017,OPP00540,CUST00150,Analytics Suite,Prospecting,2025-07-15,2025-06-08,223195.47,Agent D
DEAL00018,OPP00361,CUST00488,AI Platform,Prospecting,2025-05-25,2026-08-31,88718.87,Agent A
DEAL00019,OPP00077,CUST00279,CRM License,Negotiation,2026-04-10,2026-03-11,118807.12,Agent C
DEAL00020,OPP00509,CUST00059,Analytics Suite,Qualification,2025-08-08,2025-12-24,224575.63,Agent B
DEAL00021,OPP00164,CUST00446,Cloud Subscription,Qualification,2025-12-16,2025-12-11,71780.42,Agent A
DEAL00022,OPP00009,CUST00113,Laptop,Qualification,2026-02-28,2026-08-29,229297.71,Agent D
DEAL00023,OPP00175,CUST00324,AI Platform,Proposal,2026-04-16,2025-07-17,207982.43,Agent E
DEAL00024,OPP00462,CUST00243,Laptop,Qualification,2025-06-23,2026-09-09,245236.7,Agent B
DEAL00025,OPP00307,CUST00310,Laptop,Proposal,2025-08-04,2026-05-08,84443.11,Agent B
DEAL00026,OPP00588,CUST00057,Cloud Subscription,Proposal,2025-04-03,2026-01-28,62759.53,Agent B
DEAL00027,OPP00245,CUST00489,AI Platform,Qualification,2025-09-17,2025-06-10,86062.39,Agent B
DEAL00028,OPP00122,CUST00407,Laptop,Qualification,2026-02-26,2026-06-05,238889.2,Agent A
DEAL00029,OPP00185,CUST00367,Cloud Subscription,Negotiation,2025-03-04,2026-03-16,86602.96,Agent D
DEAL00030,OPP00032,CUST00060,CRM License,Lost,2025-01-29,2026-06-26,143476.9,Agent C
DEAL00031,OPP00569,CUST00329,Cloud Subscription,Negotiation,2025-10-02,2025-10-09,103901.42,Agent A
DEAL00032,OPP00310,CUST00216,Support Package,Proposal,2025-12-13,2026-02-25,102073.94,Agent D
DEAL00033,OPP00372,CUST00469,Analytics Suite,Negotiation,2025-10-12,2026-08-02,52377.76,Agent C
DEAL00034,OPP00596,CUST00233,Cloud Subscription,Proposal,2026-04-29,2026-03-29,136584.49,Agent B
DEAL00035,OPP00056,CUST00494,Cloud Subscription,Prospecting,2026-02-23,2025-07-31,213104.04,Agent D
DEAL00036,OPP00273,CUST00055,Cloud Subscription,Proposal,2026-01-07,2025-11-11,17123.83,Agent B
DEAL00037,OPP00464,CUST00373,Laptop,Proposal,2025-03-11,2025-06-13,222860.52,Agent D
DEAL00038,OPP00456,CUST00208,AI Platform,Negotiation,2026-01-14,2026-02-27,168040.88,Agent E
DEAL00039,OPP00249,CUST00063,Cloud Subscription,Lost,2025-10-06,2025-12-25,156100.83,Agent B
DEAL00040,OPP00078,CUST00184,Cloud Subscription,Prospecting,2025-08-19,2026-02-01,158345.56,Agent B
DEAL00041,OPP00534,CUST00311,Support Package,Won,2025-10-29,2025-10-11,77586.11,Agent B
DEAL00042,OPP00108,CUST00281,Support Package,Won,2025-09-12,2026-01-30,106710.4,Agent A
DEAL00043,OPP00273,CUST00026,CRM License,Lost,2025-06-21,2026-09-16,200826.05,Agent C
DEAL00044,OPP00015,CUST00177,CRM License,Won,2026-03-08,2026-03-21,80063.35,Agent B
DEAL00045,OPP00370,CUST00063,Support Package,Prospecting,2025-06-29,2026-09-29,120154.95,Agent B
DEAL00046,OPP00304,CUST00429,AI Platform,Qualification,2025-09-21,2026-08-08,9809.91,Agent A
DEAL00047,OPP00205,CUST00073,CRM License,Prospecting,2025-07-02,2025-07-08,184721.8,Agent A
DEAL00048,OPP00113,CUST00335,Analytics Suite,Negotiation,2025-11-18,2026-05-25,107337.03,Agent E
DEAL00049,OPP00253,CUST00167,Analytics Suite,Proposal,2025-07-24,2025-07-26,133712.9,Agent D
DEAL00050,OPP00441,CUST00225,AI Platform,Proposal,2026-02-28,2026-04-15,33098.88,Agent B
DEAL00051,OPP00186,CUST00065,Support Package,Negotiation,2025-09-06,2026-06-11,247969.99,Agent D
DEAL00052,OPP00227,CUST00069,CRM License,Negotiation,2025-08-01,2025-07-18,79104.62,Agent A
DEAL00053,OPP00528,CUST00440,Cloud Subscription,Proposal,2025-06-08,2025-09-13,160572.47,Agent A
DEAL00054,OPP00354,CUST00009,Support Package,Lost,2026-05-15,2026-09-17,147402.9,Agent E
DEAL00055,OPP00001,CUST00236,CRM License,Qualification,2026-03-08,2025-07-29,197347.59,Agent C
DEAL00056,OPP00553,CUST00198,AI Platform,Qualification,2025-04-10,2025-08-16,76990.05,Agent A
DEAL00057,OPP00560,CUST00412,Analytics Suite,Qualification,2025-11-13,2026-08-02,190202.2,Agent B
DEAL00058,OPP00420,CUST00173,AI Platform,Negotiation,2025-04-22,2026-10-12,98712.92,Agent E
DEAL00059,OPP00161,CUST00282,CRM License,Proposal,2025-11-04,2026-01-04,105734.44,Agent C
DEAL00060,OPP00161,CUST00028,AI Platform,Lost,2025-06-15,2026-06-18,169814.57,Agent E
DEAL00061,OPP00128,CUST00296,CRM License,Proposal,2026-04-20,2025-07-25,197150.01,Agent A
DEAL00062,OPP00151,CUST00399,CRM License,Proposal,2025-02-05,2025-07-25,168382.33,Agent C
DEAL00063,OPP00444,CUST00134,AI Platform,Lost,2025-04-22,2025-10-07,225470.48,Agent D
DEAL00064,OPP00471,CUST00027,Laptop,Prospecting,2025-03-28,2026-06-27,74863.96,Agent C
DEAL00065,OPP00463,CUST00038,Cloud Subscription,Lost,2025-07-02,2026-06-18,225651.1,Agent B
DEAL00066,OPP00030,CUST00196,Support Package,Prospecting,2025-03-26,2026-06-23,37061.56,Agent D
DEAL00067,OPP00473,CUST00203,Analytics Suite,Won,2025-09-26,2025-08-24,166584.93,Agent D
DEAL00068,OPP00557,CUST00085,Cloud Subscription,Prospecting,2025-06-14,2025-12-31,139169.51,Agent B
DEAL00069,OPP00080,CUST00320,Support Package,Qualification,2025-10-30,2025-09-23,126185.81,Agent D
DEAL00070,OPP00039,CUST00030,Support Package,Qualification,2025-03-31,2026-08-11,81173.45,Agent A
DEAL00071,OPP00240,CUST00466,Analytics Suite,Lost,2026-05-03,2026-04-10,128414.52,Agent C
DEAL00072,OPP00557,CUST00099,Cloud Subscription,Qualification,2026-03-31,2026-03-20,44634.47,Agent C
DEAL00073,OPP00590,CUST00387,Analytics Suite,Qualification,2025-08-26,2025-07-19,95483.63,Agent B
DEAL00074,OPP00337,CUST00190,CRM License,Won,2026-05-02,2025-08-06,29176.82,Agent A
DEAL00075,OPP00280,CUST00012,Analytics Suite,Qualification,2025-01-22,2026-03-02,145102.42,Agent D
DEAL00076,OPP00116,CUST00091,AI Platform,Negotiation,2025-06-16,2025-10-07,28463.13,Agent C
DEAL00077,OPP00269,CUST00030,Laptop,Negotiation,2025-08-03,2025-06-29,44284.44,Agent C
DEAL00078,OPP00335,CUST00213,Laptop,Negotiation,2025-02-27,2026-05-09,25939.37,Agent C
DEAL00079,OPP00312,CUST00038,Laptop,Prospecting,2025-01-30,2025-07-03,98421.11,Agent C
DEAL00080,OPP00053,CUST00341,Cloud Subscription,Lost,2026-02-06,2025-09-27,211279.82,Agent E
DEAL00081,OPP00068,CUST00060,Cloud Subscription,Lost,2025-04-16,2025-11-27,227189.62,Agent B
DEAL00082,OPP00034,CUST00294,CRM License,Proposal,2026-02-06,2026-07-30,22612.92,Agent D
DEAL00083,OPP00386,CUST00360,Laptop,Won,2026-05-09,2025-10-29,160464.78,Agent D
DEAL00084,OPP00249,CUST00143,CRM License,Negotiation,2025-11-26,2025-10-11,172674.43,Agent B
DEAL00085,OPP00111,CUST00402,Laptop,Negotiation,2025-06-16,2026-04-23,135773.64,Agent A
DEAL00086,OPP00094,CUST00180,Cloud Subscription,Qualification,2025-12-16,2025-12-02,168411.29,Agent B
DEAL00087,OPP00410,CUST00285,AI Platform,Negotiation,2025-06-03,2025-10-12,62254.23,Agent C
DEAL00088,OPP00179,CUST00112,AI Platform,Qualification,2025-11-23,2025-11-24,124962.83,Agent C
DEAL00089,OPP00047,CUST00230,AI Platform,Qualification,2025-01-07,2025-06-22,100764.58,Agent B
DEAL00090,OPP00376,CUST00444,Analytics Suite,Proposal,2025-07-16,2026-01-27,26978.45,Agent B
DEAL00091,OPP00587,CUST00021,AI Platform,Prospecting,2025-11-17,2025-08-16,158261.33,Agent D
DEAL00092,OPP00202,CUST00145,Support Package,Qualification,2025-02-15,2025-12-21,126327.72,Agent D
DEAL00093,OPP00445,CUST00489,Laptop,Qualification,2025-01-18,2025-06-04,72417.64,Agent E
DEAL00094,OPP00297,CUST00499,AI Platform,Lost,2026-02-01,2026-04-24,121052.89,Agent E
DEAL00095,OPP00308,CUST00146,Support Package,Proposal,2025-06-02,2026-08-22,194948.01,Agent C
DEAL00096,OPP00493,CUST00441,Support Package,Qualification,2026-05-03,2025-11-12,201406.15,Agent E
DEAL00097,OPP00338,CUST00375,Support Package,Won,2025-09-21,2026-07-20,164133.9,Agent E
DEAL00098,OPP00066,CUST00421,CRM License,Prospecting,2025-03-15,2026-07-26,119598.22,Agent A
DEAL00099,OPP00422,CUST00316,CRM License,Won,2026-02-20,2025-10-06,146058.66,Agent B
DEAL00100,OPP00540,CUST00166,Support Package,Negotiation,2025-05-25,2025-07-15,99328.77,Agent D
DEAL00101,OPP00493,CUST00140,Analytics Suite,Prospecting,2025-04-12,2026-01-04,36006.3,Agent E
DEAL00102,OPP00317,CUST00203,AI Platform,Negotiation,2025-12-01,2026-01-21,99477.05,Agent D
DEAL00103,OPP00075,CUST00496,Laptop,Lost,2025-12-01,2025-10-14,134931.53,Agent E
DEAL00104,OPP00059,CUST00244,Analytics Suite,Qualification,2025-05-01,2025-11-15,151714.33,Agent E
DEAL00105,OPP00386,CUST00113,Cloud Subscription,Proposal,2025-06-25,2026-09-24,234271.24,Agent C
DEAL00106,OPP00015,CUST00468,CRM License,Won,2025-03-04,2026-01-23,195446.69,Agent A
DEAL00107,OPP00231,CUST00201,AI Platform,Negotiation,2025-10-23,2025-09-01,42238.18,Agent B
DEAL00108,OPP00199,CUST00385,AI Platform,Qualification,2026-05-14,2025-06-05,47674.64,Agent B
DEAL00109,OPP00354,CUST00314,Cloud Subscription,Won,2025-03-25,2025-11-03,29621.22,Agent C
DEAL00110,OPP00035,CUST00259,Cloud Subscription,Won,2025-01-15,2026-01-31,185854.52,Agent C
DEAL00111,OPP00162,CUST00255,AI Platform,Lost,2025-12-21,2026-05-26,177999.96,Agent B
DEAL00112,OPP00471,CUST00447,Cloud Subscription,Lost,2025-05-14,2025-08-20,246658.91,Agent B
DEAL00113,OPP00531,CUST00405,AI Platform,Negotiation,2026-04-23,2026-02-02,132895.74,Agent A
DEAL00114,OPP00423,CUST00023,Analytics Suite,Qualification,2025-05-01,2026-05-09,207471.66,Agent E
DEAL00115,OPP00348,CUST00393,Cloud Subscription,Proposal,2025-11-15,2026-10-06,146227.77,Agent A
DEAL00116,OPP00147,CUST00246,Analytics Suite,Negotiation,2026-01-27,2025-10-15,219151.24,Agent B
DEAL00117,OPP00374,CUST00339,Analytics Suite,Won,2026-04-24,2026-06-21,181650.15,Agent E
DEAL00118,OPP00416,CUST00493,Cloud Subscription,Won,2025-05-08,2025-08-02,162506.58,Agent B
DEAL00119,OPP00494,CUST00311,AI Platform,Prospecting,2026-01-03,2026-09-23,143455.05,Agent A
DEAL00120,OPP00559,CUST00366,Support Package,Qualification,2026-01-02,2026-04-03,182127.78,Agent A
DEAL00121,OPP00256,CUST00372,AI Platform,Prospecting,2025-10-15,2025-09-24,107815.19,Agent A
DEAL00122,OPP00103,CUST00403,Laptop,Lost,2025-10-28,2025-09-21,28661.26,Agent E
DEAL00123,OPP00121,CUST00318,Cloud Subscription,Proposal,2026-01-13,2025-07-01,14796.6,Agent D
DEAL00124,OPP00419,CUST00087,CRM License,Negotiation,2025-06-29,2025-06-07,122360.81,Agent D
DEAL00125,OPP00350,CUST00219,Cloud Subscription,Won,2026-04-08,2026-07-19,151826.44,Agent B
DEAL00126,OPP00042,CUST00475,Laptop,Qualification,2025-03-23,2026-08-16,24318.01,Agent E
DEAL00127,OPP00367,CUST00423,Analytics Suite,Won,2025-01-13,2025-06-03,75291.37,Agent C
DEAL00128,OPP00029,CUST00356,CRM License,Lost,2025-01-24,2026-04-03,83897.89,Agent D
DEAL00129,OPP00014,CUST00460,CRM License,Prospecting,2025-06-17,2026-01-29,142884.91,Agent E
DEAL00130,OPP00485,CUST00027,AI Platform,Prospecting,2025-09-27,2025-07-26,73228.2,Agent E
DEAL00131,OPP00189,CUST00430,Support Package,Negotiation,2026-04-21,2025-08-12,28433.91,Agent D
DEAL00132,OPP00295,CUST00290,AI Platform,Qualification,2026-04-04,2025-06-10,45389.9,Agent E
DEAL00133,OPP00183,CUST00289,CRM License,Lost,2025-03-11,2025-07-31,47617.21,Agent E
DEAL00134,OPP00548,CUST00348,CRM License,Qualification,2025-11-14,2026-10-07,211460.26,Agent D
DEAL00135,OPP00037,CUST00223,Support Package,Negotiation,2026-01-11,2025-07-20,74658.32,Agent A
DEAL00136,OPP00014,CUST00352,Cloud Subscription,Lost,2025-03-30,2025-09-30,180099.47,Agent B
DEAL00137,OPP00595,CUST00178,Support Package,Lost,2025-07-08,2025-11-22,144120.49,Agent C
DEAL00138,OPP00159,CUST00148,Analytics Suite,Prospecting,2025-09-14,2026-09-17,244374.49,Agent B
DEAL00139,OPP00494,CUST00424,AI Platform,Prospecting,2025-08-05,2025-06-01,71841.55,Agent A
DEAL00140,OPP00329,CUST00227,Cloud Subscription,Prospecting,2026-03-26,2026-09-21,43801.39,Agent A
DEAL00141,OPP00083,CUST00351,AI Platform,Won,2026-01-17,2026-08-15,17749.27,Agent E
DEAL00142,OPP00556,CUST00186,Support Package,Proposal,2025-02-01,2025-07-08,64035.12,Agent B
DEAL00143,OPP00580,CUST00415,Cloud Subscription,Prospecting,2025-05-21,2025-12-07,172597.37,Agent A
DEAL00144,OPP00560,CUST00294,Support Package,Proposal,2025-06-10,2025-08-18,25888.27,Agent B
DEAL00145,OPP00569,CUST00470,Analytics Suite,Proposal,2025-02-01,2026-05-11,64951.95,Agent A
DEAL00146,OPP00587,CUST00429,Laptop,Qualification,2025-11-08,2026-08-28,214550.55,Agent C
DEAL00147,OPP00022,CUST00041,CRM License,Negotiation,2025-06-01,2026-05-04,147823.47,Agent A
DEAL00148,OPP00132,CUST00393,Cloud Subscription,Won,2025-12-13,2026-08-23,22032.78,Agent B
DEAL00149,OPP00465,CUST00500,CRM License,Proposal,2025-09-17,2025-12-07,16682.37,Agent E
DEAL00150,OPP00456,CUST00393,Laptop,Won,2025-08-04,2025-12-01,19975.1,Agent B
DEAL00151,OPP00302,CUST00191,Cloud Subscription,Qualification,2025-10-06,2025-08-06,235759.39,Agent D
DEAL00152,OPP00267,CUST00079,CRM License,Prospecting,2025-10-12,2025-06-17,213218.5,Agent B
DEAL00153,OPP00395,CUST00205,CRM License,Lost,2025-04-08,2026-06-18,212010.31,Agent C
DEAL00154,OPP00120,CUST00384,Cloud Subscription,Proposal,2026-02-09,2026-06-03,231433.11,Agent C
DEAL00155,OPP00246,CUST00278,CRM License,Negotiation,2025-01-30,2026-06-27,128787.57,Agent C
DEAL00156,OPP00568,CUST00272,CRM License,Lost,2025-03-31,2026-04-12,65599.44,Agent A
DEAL00157,OPP00038,CUST00032,Cloud Subscription,Qualification,2025-05-28,2026-10-10,103330.26,Agent C
DEAL00158,OPP00245,CUST00450,CRM License,Won,2025-05-24,2026-03-23,181121.7,Agent B
DEAL00159,OPP00021,CUST00474,CRM License,Prospecting,2025-03-08,2025-12-26,219628.05,Agent E
DEAL00160,OPP00110,CUST00142,AI Platform,Won,2026-03-09,2026-05-11,111597.28,Agent C
DEAL00161,OPP00394,CUST00251,Analytics Suite,Negotiation,2025-12-23,2026-08-20,136168.33,Agent B
DEAL00162,OPP00410,CUST00294,AI Platform,Proposal,2025-02-27,2025-07-11,233286.83,Agent A
DEAL00163,OPP00008,CUST00098,Laptop,Negotiation,2026-05-03,2026-07-01,31337.17,Agent A
DEAL00164,OPP00444,CUST00136,AI Platform,Won,2026-03-04,2026-09-20,216263.31,Agent E
DEAL00165,OPP00328,CUST00484,AI Platform,Won,2025-10-08,2026-09-16,44030.33,Agent E
DEAL00166,OPP00290,CUST00277,Laptop,Lost,2025-10-06,2025-09-23,123546.03,Agent B
DEAL00167,OPP00511,CUST00312,CRM License,Negotiation,2025-08-24,2025-09-08,58513.67,Agent E
DEAL00168,OPP00361,CUST00302,CRM License,Negotiation,2026-03-19,2026-06-08,152722.17,Agent E
DEAL00169,OPP00599,CUST00043,AI Platform,Negotiation,2026-01-20,2026-08-12,141850.49,Agent A
DEAL00170,OPP00219,CUST00120,Laptop,Prospecting,2025-12-19,2026-05-11,98101.8,Agent B
DEAL00171,OPP00406,CUST00220,CRM License,Won,2026-02-03,2026-05-15,216509.36,Agent E
DEAL00172,OPP00220,CUST00046,Support Package,Qualification,2025-05-08,2025-10-17,166654.26,Agent B
DEAL00173,OPP00595,CUST00236,Cloud Subscription,Prospecting,2025-12-03,2026-04-12,181695.26,Agent C
DEAL00174,OPP00107,CUST00048,Cloud Subscription,Prospecting,2026-04-27,2026-04-20,41911.64,Agent A
DEAL00175,OPP00581,CUST00198,Analytics Suite,Prospecting,2025-07-28,2026-04-30,221375.59,Agent A
DEAL00176,OPP00286,CUST00084,Cloud Subscription,Lost,2026-03-12,2026-03-29,45924.84,Agent A
DEAL00177,OPP00008,CUST00031,AI Platform,Qualification,2025-07-05,2026-03-21,59582.32,Agent D
DEAL00178,OPP00189,CUST00161,Cloud Subscription,Negotiation,2025-06-18,2026-08-19,36373.51,Agent B
DEAL00179,OPP00081,CUST00428,Cloud Subscription,Lost,2025-06-21,2025-06-17,112888.01,Agent C
DEAL00180,OPP00108,CUST00071,Support Package,Won,2025-09-17,2026-04-18,222488.76,Agent E
DEAL00181,OPP00321,CUST00008,CRM License,Proposal,2025-07-24,2026-08-30,66849.64,Agent C
DEAL00182,OPP00579,CUST00457,Support Package,Lost,2026-03-28,2026-03-19,96569.59,Agent B
DEAL00183,OPP00346,CUST00386,AI Platform,Proposal,2025-05-15,2025-08-13,212286.27,Agent A
DEAL00184,OPP00328,CUST00401,Cloud Subscription,Won,2025-02-15,2026-02-18,156364.74,Agent D
DEAL00185,OPP00555,CUST00052,CRM License,Qualification,2025-01-09,2026-09-27,189146.02,Agent B
DEAL00186,OPP00302,CUST00045,Analytics Suite,Proposal,2026-04-16,2025-06-16,57430.01,Agent B
DEAL00187,OPP00200,CUST00293,Analytics Suite,Prospecting,2025-06-10,2025-06-14,180540.02,Agent E
DEAL00188,OPP00419,CUST00426,Cloud Subscription,Lost,2025-10-16,2026-05-02,60764.59,Agent C
DEAL00189,OPP00039,CUST00300,Cloud Subscription,Proposal,2025-12-06,2026-03-08,246891.93,Agent C
DEAL00190,OPP00307,CUST00465,Analytics Suite,Won,2026-01-23,2026-05-27,142172.11,Agent E
DEAL00191,OPP00004,CUST00373,Analytics Suite,Prospecting,2025-11-17,2025-06-04,175431.62,Agent D
DEAL00192,OPP00077,CUST00038,AI Platform,Proposal,2025-04-16,2026-07-18,34008.39,Agent A
DEAL00193,OPP00468,CUST00355,Cloud Subscription,Won,2025-10-17,2025-10-05,66410.72,Agent A
DEAL00194,OPP00179,CUST00380,Analytics Suite,Qualification,2026-04-20,2026-04-08,39236.46,Agent D
DEAL00195,OPP00276,CUST00495,Laptop,Won,2025-12-07,2025-06-06,100591.83,Agent E
DEAL00196,OPP00152,CUST00231,Analytics Suite,Qualification,2025-03-29,2025-10-07,74613.29,Agent B
DEAL00197,OPP00164,CUST00478,CRM License,Prospecting,2026-04-08,2026-07-28,184565.95,Agent C
DEAL00198,OPP00290,CUST00262,CRM License,Won,2026-04-28,2026-06-20,31633.7,Agent B
DEAL00199,OPP00378,CUST00068,Laptop,Negotiation,2025-07-11,2026-06-06,189254.55,Agent C
DEAL00200,OPP00310,CUST00179,AI Platform,Lost,2025-06-02,2026-01-18,16197.68,Agent B
DEAL00201,OPP00389,CUST00357,Cloud Subscription,Negotiation,2025-11-07,2026-08-21,54494.37,Agent E
DEAL00202,OPP00183,CUST00419,Cloud Subscription,Negotiation,2025-05-17,2026-04-09,199031.42,Agent E
DEAL00203,OPP00306,CUST00186,Analytics Suite,Negotiation,2025-09-30,2025-12-12,186980.28,Agent D
DEAL00204,OPP00072,CUST00441,CRM License,Lost,2025-05-29,2025-08-04,121699.9,Agent B
DEAL00205,OPP00219,CUST00201,AI Platform,Negotiation,2025-07-07,2026-04-17,17245.77,Agent B
DEAL00206,OPP00173,CUST00390,AI Platform,Qualification,2025-05-21,2025-09-11,154423.97,Agent D
DEAL00207,OPP00272,CUST00013,AI Platform,Won,2025-05-11,2026-03-04,104647.41,Agent D
DEAL00208,OPP00468,CUST00443,Analytics Suite,Prospecting,2026-03-28,2026-10-06,82549.4,Agent E
DEAL00209,OPP00269,CUST00214,Cloud Subscription,Negotiation,2025-01-04,2025-11-05,161900.61,Agent E
DEAL00210,OPP00020,CUST00220,AI Platform,Negotiation,2026-05-06,2026-01-10,111970.57,Agent B
DEAL00211,OPP00578,CUST00286,Analytics Suite,Prospecting,2026-04-21,2026-03-16,27643.17,Agent E
DEAL00212,OPP00503,CUST00244,Analytics Suite,Prospecting,2025-09-20,2026-08-06,229407.87,Agent E
DEAL00213,OPP00147,CUST00356,Laptop,Negotiation,2025-01-26,2026-03-05,195730.81,Agent B
DEAL00214,OPP00429,CUST00258,Support Package,Qualification,2026-04-04,2026-09-21,18812.66,Agent D
DEAL00215,OPP00165,CUST00058,AI Platform,Prospecting,2025-01-24,2025-11-29,133640.65,Agent B
DEAL00216,OPP00310,CUST00036,Support Package,Won,2026-05-06,2026-06-01,25427.5,Agent A
DEAL00217,OPP00518,CUST00328,Cloud Subscription,Won,2025-09-23,2025-06-04,210136.02,Agent B
DEAL00218,OPP00014,CUST00429,Analytics Suite,Qualification,2025-08-17,2026-01-01,155188.42,Agent A
DEAL00219,OPP00132,CUST00490,AI Platform,Lost,2025-09-26,2026-08-13,47250.04,Agent B
DEAL00220,OPP00439,CUST00498,CRM License,Proposal,2025-05-05,2026-08-02,10081.63,Agent A
DEAL00221,OPP00263,CUST00393,Cloud Subscription,Qualification,2025-06-21,2026-01-03,12737.35,Agent A
DEAL00222,OPP00225,CUST00382,Laptop,Negotiation,2025-08-22,2026-07-01,129304.54,Agent B
DEAL00223,OPP00258,CUST00193,Laptop,Proposal,2025-10-22,2025-12-26,184921.5,Agent E
DEAL00224,OPP00234,CUST00333,Support Package,Negotiation,2026-02-07,2026-09-06,34605.91,Agent C
DEAL00225,OPP00336,CUST00050,Analytics Suite,Won,2026-03-11,2025-08-13,59214.6,Agent E
DEAL00226,OPP00409,CUST00463,Support Package,Prospecting,2025-10-02,2026-01-13,85178.69,Agent A
DEAL00227,OPP00024,CUST00032,CRM License,Negotiation,2025-03-17,2026-06-10,58428.81,Agent B
DEAL00228,OPP00271,CUST00098,CRM License,Won,2025-11-04,2026-10-13,100877.46,Agent B
DEAL00229,OPP00095,CUST00043,Laptop,Qualification,2025-08-02,2026-08-10,142105.68,Agent B
DEAL00230,OPP00142,CUST00381,AI Platform,Negotiation,2026-03-07,2025-09-01,172809.5,Agent B
DEAL00231,OPP00081,CUST00351,Laptop,Won,2026-04-30,2026-09-03,241124.92,Agent C
DEAL00232,OPP00274,CUST00334,Laptop,Prospecting,2026-01-11,2025-08-04,233056.7,Agent D
DEAL00233,OPP00276,CUST00310,CRM License,Negotiation,2025-06-07,2026-04-17,144681.11,Agent A
DEAL00234,OPP00465,CUST00047,Support Package,Lost,2025-10-29,2025-06-10,184866.76,Agent C
DEAL00235,OPP00208,CUST00270,CRM License,Won,2025-07-23,2026-07-07,237963.69,Agent E
DEAL00236,OPP00296,CUST00432,Analytics Suite,Negotiation,2026-04-22,2026-03-30,25450.63,Agent D
DEAL00237,OPP00039,CUST00311,CRM License,Prospecting,2025-05-29,2026-04-18,6380.52,Agent D
DEAL00238,OPP00288,CUST00413,CRM License,Negotiation,2025-03-16,2026-04-01,12300.94,Agent B
DEAL00239,OPP00124,CUST00431,Laptop,Negotiation,2026-01-15,2026-08-30,143020.59,Agent C
DEAL00240,OPP00283,CUST00063,AI Platform,Lost,2025-08-17,2026-03-05,191894.19,Agent E
DEAL00241,OPP00180,CUST00019,Laptop,Won,2025-10-31,2025-08-25,94933.36,Agent B
DEAL00242,OPP00097,CUST00347,Cloud Subscription,Proposal,2025-03-03,2025-06-26,138583.6,Agent B
DEAL00243,OPP00191,CUST00393,CRM License,Negotiation,2025-02-27,2026-01-04,131509.75,Agent A
DEAL00244,OPP00074,CUST00101,CRM License,Proposal,2025-10-01,2026-06-28,28218.87,Agent D
DEAL00245,OPP00447,CUST00037,Cloud Subscription,Qualification,2025-04-18,2026-07-10,83789.12,Agent E
DEAL00246,OPP00497,CUST00107,CRM License,Negotiation,2025-07-06,2025-09-03,9761.61,Agent D
DEAL00247,OPP00561,CUST00092,CRM License,Proposal,2026-04-20,2026-01-30,32122.89,Agent C
DEAL00248,OPP00484,CUST00308,Analytics Suite,Qualification,2025-08-17,2026-08-21,203905.26,Agent A
DEAL00249,OPP00116,CUST00185,CRM License,Lost,2025-02-17,2025-09-15,208206.31,Agent B
DEAL00250,OPP00535,CUST00216,Cloud Subscription,Won,2025-11-15,2026-06-25,201476.85,Agent A
DEAL00251,OPP00098,CUST00028,Laptop,Negotiation,2025-09-25,2026-02-03,183070.57,Agent B
DEAL00252,OPP00328,CUST00036,CRM License,Won,2025-08-03,2025-06-14,199361.65,Agent A
DEAL00253,OPP00407,CUST00372,AI Platform,Qualification,2025-10-17,2025-11-08,169390.67,Agent B
DEAL00254,OPP00313,CUST00320,Cloud Subscription,Won,2025-09-11,2025-08-10,169109.17,Agent D
DEAL00255,OPP00148,CUST00018,Support Package,Won,2026-03-21,2025-10-30,168503.64,Agent D
DEAL00256,OPP00342,CUST00345,Analytics Suite,Prospecting,2025-12-24,2026-08-31,130940.48,Agent D
DEAL00257,OPP00495,CUST00419,Cloud Subscription,Qualification,2025-03-28,2025-08-14,94020.07,Agent D
DEAL00258,OPP00023,CUST00196,Laptop,Won,2025-06-30,2026-06-11,183897.84,Agent A
DEAL00259,OPP00105,CUST00078,Cloud Subscription,Proposal,2025-01-25,2026-01-01,78168.27,Agent B
DEAL00260,OPP00579,CUST00167,Support Package,Qualification,2026-03-22,2026-06-03,138011.02,Agent D
DEAL00261,OPP00558,CUST00090,Analytics Suite,Prospecting,2026-01-23,2025-07-21,111172.13,Agent A
DEAL00262,OPP00593,CUST00264,AI Platform,Negotiation,2025-08-10,2026-06-21,72772.46,Agent B
DEAL00263,OPP00222,CUST00472,Support Package,Lost,2026-04-23,2025-10-21,243799.03,Agent A
DEAL00264,OPP00015,CUST00208,Cloud Subscription,Won,2026-02-01,2026-07-24,68394.15,Agent D
DEAL00265,OPP00078,CUST00212,Support Package,Proposal,2026-03-02,2025-07-06,80776.8,Agent C
DEAL00266,OPP00322,CUST00271,Cloud Subscription,Prospecting,2025-02-18,2026-10-13,44588.94,Agent A
DEAL00267,OPP00241,CUST00263,AI Platform,Qualification,2025-11-30,2026-06-09,206630.25,Agent D
DEAL00268,OPP00018,CUST00273,AI Platform,Lost,2026-03-16,2026-09-19,148714.4,Agent E
DEAL00269,OPP00454,CUST00342,Laptop,Lost,2025-06-24,2025-11-14,155194.62,Agent B
DEAL00270,OPP00443,CUST00214,AI Platform,Won,2026-01-27,2026-01-22,206037.55,Agent D
DEAL00271,OPP00277,CUST00374,CRM License,Prospecting,2025-11-07,2026-02-15,89015.32,Agent E
DEAL00272,OPP00424,CUST00064,Support Package,Prospecting,2026-04-17,2025-12-09,52440.19,Agent A
DEAL00273,OPP00476,CUST00012,Support Package,Proposal,2025-10-01,2025-12-19,53609.31,Agent A
DEAL00274,OPP00027,CUST00210,Cloud Subscription,Negotiation,2025-02-04,2026-02-17,184491.86,Agent E
DEAL00275,OPP00514,CUST00312,AI Platform,Negotiation,2025-08-05,2025-12-02,155458.21,Agent E
DEAL00276,OPP00464,CUST00174,Laptop,Negotiation,2025-07-28,2025-11-05,55553.03,Agent B
DEAL00277,OPP00363,CUST00431,Laptop,Lost,2025-06-09,2026-02-01,40541.02,Agent A
DEAL00278,OPP00383,CUST00256,Laptop,Lost,2026-02-12,2025-09-18,34568.39,Agent E
DEAL00279,OPP00525,CUST00463,Analytics Suite,Qualification,2025-01-07,2025-09-07,158810.67,Agent C
DEAL00280,OPP00382,CUST00101,CRM License,Lost,2025-09-26,2026-01-27,5029.07,Agent C
DEAL00281,OPP00184,CUST00016,AI Platform,Lost,2025-05-06,2026-10-04,9488.24,Agent E
DEAL00282,OPP00194,CUST00197,Laptop,Prospecting,2026-04-20,2025-12-19,100440.52,Agent B
DEAL00283,OPP00462,CUST00258,CRM License,Qualification,2026-01-03,2025-09-30,174380.72,Agent A
DEAL00284,OPP00056,CUST00384,Support Package,Prospecting,2025-11-21,2025-09-25,175284.65,Agent C
DEAL00285,OPP00230,CUST00244,Cloud Subscription,Proposal,2025-12-22,2025-09-04,110378.98,Agent E
DEAL00286,OPP00489,CUST00348,AI Platform,Proposal,2025-03-31,2026-01-20,174313.03,Agent E
DEAL00287,OPP00028,CUST00249,AI Platform,Qualification,2025-02-11,2026-10-03,132668.56,Agent D
DEAL00288,OPP00583,CUST00105,Analytics Suite,Qualification,2025-12-31,2025-08-06,244348.2,Agent E
DEAL00289,OPP00184,CUST00182,Support Package,Lost,2025-06-08,2026-06-11,44802.75,Agent B
DEAL00290,OPP00425,CUST00155,AI Platform,Proposal,2025-07-21,2026-01-04,152163.48,Agent C
DEAL00291,OPP00375,CUST00287,Analytics Suite,Won,2026-01-01,2025-06-15,125353.5,Agent D
DEAL00292,OPP00041,CUST00169,Analytics Suite,Negotiation,2025-10-09,2026-02-28,52644.25,Agent C
DEAL00293,OPP00484,CUST00420,Analytics Suite,Lost,2026-04-15,2026-01-05,188747.66,Agent C
DEAL00294,OPP00260,CUST00047,AI Platform,Negotiation,2025-11-28,2026-03-01,72499.46,Agent B
DEAL00295,OPP00441,CUST00043,AI Platform,Proposal,2025-10-15,2026-06-06,98518.91,Agent E
DEAL00296,OPP00084,CUST00321,AI Platform,Negotiation,2025-04-01,2025-10-25,96833.49,Agent B
DEAL00297,OPP00046,CUST00306,CRM License,Won,2026-04-26,2026-04-28,64830.1,Agent E
DEAL00298,OPP00440,CUST00221,Analytics Suite,Won,2025-05-05,2026-05-10,110522.81,Agent D
DEAL00299,OPP00519,CUST00001,CRM License,Prospecting,2025-05-06,2026-08-27,120969.74,Agent B
DEAL00300,OPP00438,CUST00200,Cloud Subscription,Qualification,2025-02-21,2025-10-30,187334.31,Agent B
DEAL00301,OPP00136,CUST00441,AI Platform,Negotiation,2026-02-08,2026-05-13,192441.8,Agent A
DEAL00302,OPP00183,CUST00144,Support Package,Won,2025-04-13,2026-03-31,43846.21,Agent B
DEAL00303,OPP00172,CUST00378,Laptop,Qualification,2025-12-27,2026-07-19,150229.21,Agent A
DEAL00304,OPP00590,CUST00028,Cloud Subscription,Qualification,2026-02-28,2025-06-15,224568.46,Agent E
DEAL00305,OPP00539,CUST00342,Laptop,Prospecting,2025-07-06,2026-08-05,31652.72,Agent E
DEAL00306,OPP00120,CUST00338,Laptop,Qualification,2025-07-24,2026-06-14,120863.94,Agent E
DEAL00307,OPP00281,CUST00278,AI Platform,Qualification,2025-01-14,2026-09-29,188836.51,Agent A
DEAL00308,OPP00308,CUST00041,Support Package,Lost,2026-03-04,2026-06-18,154815.38,Agent E
DEAL00309,OPP00277,CUST00332,Laptop,Proposal,2025-04-14,2026-08-02,29643.49,Agent C
DEAL00310,OPP00530,CUST00147,Analytics Suite,Prospecting,2025-04-27,2026-05-20,102168.5,Agent B
DEAL00311,OPP00295,CUST00345,Laptop,Prospecting,2026-04-15,2026-07-16,129273.68,Agent A
DEAL00312,OPP00053,CUST00178,Cloud Subscription,Negotiation,2026-04-11,2025-08-23,248982.17,Agent E
DEAL00313,OPP00432,CUST00315,Support Package,Qualification,2025-10-31,2025-12-09,48758.94,Agent C
DEAL00314,OPP00052,CUST00325,Support Package,Negotiation,2025-04-03,2025-07-11,245693.82,Agent B
DEAL00315,OPP00072,CUST00418,Laptop,Lost,2026-03-03,2026-05-18,97156.7,Agent B
DEAL00316,OPP00028,CUST00167,Support Package,Won,2025-05-24,2026-04-20,54078.52,Agent E
DEAL00317,OPP00469,CUST00123,Cloud Subscription,Qualification,2025-04-20,2026-02-16,106456.73,Agent C
DEAL00318,OPP00547,CUST00074,Cloud Subscription,Won,2025-06-12,2026-04-05,155428.81,Agent A
DEAL00319,OPP00401,CUST00239,Cloud Subscription,Proposal,2025-02-22,2026-06-13,57306.86,Agent E
DEAL00320,OPP00201,CUST00249,Analytics Suite,Lost,2026-02-22,2025-10-14,76402.58,Agent B
DEAL00321,OPP00466,CUST00263,AI Platform,Qualification,2025-01-03,2026-03-05,214363.89,Agent B
DEAL00322,OPP00595,CUST00252,Laptop,Negotiation,2025-03-09,2025-09-14,249757.32,Agent B
DEAL00323,OPP00560,CUST00357,Support Package,Negotiation,2025-09-03,2025-06-07,82952.31,Agent E
DEAL00324,OPP00379,CUST00111,Cloud Subscription,Qualification,2026-01-24,2026-07-11,41469.92,Agent D
DEAL00325,OPP00177,CUST00180,Laptop,Negotiation,2025-05-18,2026-03-29,199326.85,Agent D
DEAL00326,OPP00052,CUST00188,Laptop,Qualification,2025-11-04,2025-06-30,152111.64,Agent D
DEAL00327,OPP00079,CUST00308,AI Platform,Prospecting,2026-02-17,2025-10-04,29598.28,Agent C
DEAL00328,OPP00385,CUST00207,Analytics Suite,Negotiation,2025-12-18,2026-05-23,236959.01,Agent E
DEAL00329,OPP00576,CUST00234,Support Package,Qualification,2025-10-14,2026-07-05,24122.13,Agent B
DEAL00330,OPP00008,CUST00024,Analytics Suite,Qualification,2025-03-07,2025-08-18,158212.32,Agent C
DEAL00331,OPP00214,CUST00026,Support Package,Negotiation,2026-04-05,2026-06-24,108864.63,Agent D
DEAL00332,OPP00025,CUST00381,Cloud Subscription,Prospecting,2025-12-13,2025-08-06,141372.86,Agent A
DEAL00333,OPP00450,CUST00218,Cloud Subscription,Negotiation,2025-11-21,2025-06-23,57237.48,Agent C
DEAL00334,OPP00457,CUST00494,Laptop,Qualification,2026-02-25,2025-12-06,173587.05,Agent C
DEAL00335,OPP00461,CUST00346,Support Package,Prospecting,2025-06-04,2025-08-13,240131.32,Agent E
DEAL00336,OPP00198,CUST00378,Support Package,Won,2025-03-28,2025-06-05,117314.34,Agent C
DEAL00337,OPP00094,CUST00010,Analytics Suite,Proposal,2025-02-02,2026-07-12,133124.78,Agent E
DEAL00338,OPP00437,CUST00017,Cloud Subscription,Negotiation,2025-03-09,2026-09-06,63753.86,Agent A
DEAL00339,OPP00527,CUST00245,CRM License,Lost,2025-07-06,2025-08-21,223507.66,Agent B
DEAL00340,OPP00378,CUST00206,Laptop,Qualification,2025-07-11,2025-06-25,242937.73,Agent B
DEAL00341,OPP00587,CUST00258,Support Package,Prospecting,2025-08-01,2026-02-19,197642.74,Agent D
DEAL00342,OPP00104,CUST00112,AI Platform,Prospecting,2025-03-29,2026-09-22,137979.51,Agent D
DEAL00343,OPP00039,CUST00205,AI Platform,Won,2026-03-04,2026-07-10,239415.22,Agent A
DEAL00344,OPP00458,CUST00027,CRM License,Negotiation,2025-12-17,2025-06-02,42693.26,Agent B
DEAL00345,OPP00364,CUST00457,Cloud Subscription,Lost,2025-04-18,2026-03-05,122230.26,Agent D
DEAL00346,OPP00135,CUST00071,Cloud Subscription,Prospecting,2025-08-28,2026-04-24,136713.4,Agent C
DEAL00347,OPP00374,CUST00176,Cloud Subscription,Won,2025-08-04,2026-05-09,125519.52,Agent E
DEAL00348,OPP00232,CUST00202,Analytics Suite,Qualification,2025-06-26,2026-01-10,201592.48,Agent D
DEAL00349,OPP00039,CUST00248,AI Platform,Won,2025-02-22,2025-08-11,169248.71,Agent A
DEAL00350,OPP00047,CUST00118,Cloud Subscription,Negotiation,2025-11-26,2025-08-07,36031.32,Agent B
DEAL00351,OPP00036,CUST00009,AI Platform,Won,2025-02-18,2026-04-16,89880.57,Agent A
DEAL00352,OPP00095,CUST00086,CRM License,Prospecting,2026-01-04,2025-09-02,88073.83,Agent E
DEAL00353,OPP00361,CUST00023,Laptop,Prospecting,2025-04-24,2025-06-19,143579.89,Agent E
DEAL00354,OPP00525,CUST00455,Analytics Suite,Proposal,2026-03-26,2025-10-06,76407.31,Agent A
DEAL00355,OPP00146,CUST00240,Support Package,Won,2025-04-05,2026-05-09,33731.58,Agent D
DEAL00356,OPP00368,CUST00073,CRM License,Qualification,2026-03-23,2025-08-21,165152.25,Agent D
DEAL00357,OPP00065,CUST00027,AI Platform,Lost,2025-01-25,2026-02-09,213504.05,Agent B
DEAL00358,OPP00228,CUST00472,CRM License,Lost,2025-05-12,2026-08-11,233243.98,Agent B
DEAL00359,OPP00520,CUST00349,Support Package,Negotiation,2025-06-28,2026-01-07,243281.71,Agent C
DEAL00360,OPP00555,CUST00081,Analytics Suite,Proposal,2026-01-30,2026-05-09,196373.63,Agent C
DEAL00361,OPP00181,CUST00084,Laptop,Won,2025-05-25,2025-09-05,39227.09,Agent B
DEAL00362,OPP00501,CUST00199,Support Package,Qualification,2025-12-30,2025-07-22,214012.4,Agent C
DEAL00363,OPP00597,CUST00043,Analytics Suite,Proposal,2026-03-26,2025-11-22,102990.22,Agent A
DEAL00364,OPP00155,CUST00488,AI Platform,Prospecting,2025-07-17,2026-05-04,183828.27,Agent D
DEAL00365,OPP00535,CUST00263,Support Package,Negotiation,2026-04-02,2025-11-29,135160.66,Agent C
DEAL00366,OPP00435,CUST00092,CRM License,Won,2025-11-21,2026-08-02,208008.5,Agent C
DEAL00367,OPP00099,CUST00339,Cloud Subscription,Lost,2025-03-25,2026-05-19,109248.9,Agent A
DEAL00368,OPP00372,CUST00447,CRM License,Qualification,2025-06-06,2026-06-26,20139.48,Agent E
DEAL00369,OPP00563,CUST00084,AI Platform,Prospecting,2025-03-26,2025-09-23,141421.81,Agent B
DEAL00370,OPP00362,CUST00300,Laptop,Proposal,2026-04-02,2026-05-14,46966.19,Agent A
DEAL00371,OPP00112,CUST00423,Support Package,Negotiation,2026-04-21,2025-06-01,241551.82,Agent E
DEAL00372,OPP00453,CUST00296,Laptop,Proposal,2025-09-10,2025-08-02,134105.95,Agent A
DEAL00373,OPP00169,CUST00135,AI Platform,Lost,2026-01-10,2026-02-03,140621.9,Agent D
DEAL00374,OPP00584,CUST00454,Support Package,Proposal,2025-03-13,2026-01-17,227280.1,Agent A
DEAL00375,OPP00139,CUST00281,Analytics Suite,Qualification,2025-08-11,2026-01-12,158023.39,Agent A
DEAL00376,OPP00231,CUST00489,Analytics Suite,Prospecting,2025-10-03,2026-07-28,79168.7,Agent D
DEAL00377,OPP00239,CUST00059,CRM License,Won,2025-10-10,2025-06-19,77543.18,Agent B
DEAL00378,OPP00253,CUST00397,CRM License,Qualification,2025-09-21,2025-07-01,127886.77,Agent E
DEAL00379,OPP00436,CUST00359,AI Platform,Lost,2025-09-03,2026-04-29,217319.02,Agent C
DEAL00380,OPP00561,CUST00488,Analytics Suite,Negotiation,2025-12-07,2025-09-29,199708.69,Agent B
DEAL00381,OPP00422,CUST00342,Support Package,Lost,2025-03-02,2025-06-24,240871.44,Agent A
DEAL00382,OPP00303,CUST00241,Analytics Suite,Lost,2026-02-16,2026-04-21,22612.1,Agent C
DEAL00383,OPP00072,CUST00465,CRM License,Proposal,2026-04-16,2026-09-14,70739.89,Agent D
DEAL00384,OPP00263,CUST00368,AI Platform,Negotiation,2026-03-30,2025-12-28,24650.89,Agent B
DEAL00385,OPP00222,CUST00342,Analytics Suite,Qualification,2025-09-16,2026-08-23,189014.4,Agent E
DEAL00386,OPP00077,CUST00098,AI Platform,Lost,2026-03-29,2025-11-08,39504.25,Agent B
DEAL00387,OPP00062,CUST00062,Analytics Suite,Qualification,2026-04-02,2026-02-10,29472.15,Agent B
DEAL00388,OPP00471,CUST00264,Laptop,Won,2025-01-07,2025-07-29,142609.69,Agent C
DEAL00389,OPP00157,CUST00113,Analytics Suite,Proposal,2025-07-07,2025-09-22,105813.75,Agent D
DEAL00390,OPP00125,CUST00429,CRM License,Qualification,2025-01-04,2026-07-22,180199.83,Agent D
DEAL00391,OPP00161,CUST00146,Support Package,Negotiation,2025-08-19,2025-11-07,124318.77,Agent B
DEAL00392,OPP00541,CUST00216,CRM License,Lost,2025-05-13,2026-08-17,109206.98,Agent D
DEAL00393,OPP00591,CUST00256,CRM License,Won,2026-01-30,2026-01-06,109247.61,Agent C
DEAL00394,OPP00535,CUST00316,CRM License,Negotiation,2025-05-05,2026-05-23,218609.71,Agent C
DEAL00395,OPP00106,CUST00316,AI Platform,Proposal,2025-01-15,2025-11-16,101830.28,Agent E
DEAL00396,OPP00131,CUST00362,Cloud Subscription,Won,2026-03-24,2025-06-12,86682.3,Agent D
DEAL00397,OPP00357,CUST00258,Cloud Subscription,Won,2026-04-27,2026-08-31,87941.09,Agent E
DEAL00398,OPP00002,CUST00194,Laptop,Won,2025-01-13,2026-01-28,53167.2,Agent A
DEAL00399,OPP00233,CUST00347,CRM License,Lost,2025-04-28,2026-06-10,215868.77,Agent C
DEAL00400,OPP00369,CUST00014,Cloud Subscription,Prospecting,2025-08-28,2025-10-17,40924.55,Agent B
DEAL00401,OPP00251,CUST00304,Laptop,Won,2025-09-20,2025-09-05,227609.63,Agent C
DEAL00402,OPP00108,CUST00103,AI Platform,Negotiation,2025-12-26,2025-10-25,74449.59,Agent A
DEAL00403,OPP00276,CUST00245,CRM License,Negotiation,2025-01-06,2025-11-29,225359.57,Agent B
DEAL00404,OPP00180,CUST00245,Support Package,Proposal,2026-03-16,2025-07-27,198751.06,Agent D
DEAL00405,OPP00293,CUST00312,AI Platform,Qualification,2025-11-16,2025-07-12,147586.94,Agent D
DEAL00406,OPP00584,CUST00268,Laptop,Qualification,2025-08-19,2026-05-20,169020.15,Agent C
DEAL00407,OPP00175,CUST00224,AI Platform,Prospecting,2026-03-10,2025-12-16,84831.8,Agent B
DEAL00408,OPP00123,CUST00220,Support Package,Lost,2025-01-30,2025-07-01,145686.01,Agent B
DEAL00409,OPP00227,CUST00311,AI Platform,Lost,2025-01-22,2025-11-27,76638.71,Agent E
DEAL00410,OPP00444,CUST00412,Laptop,Won,2026-02-13,2025-06-02,103556.84,Agent A
DEAL00411,OPP00428,CUST00366,Support Package,Prospecting,2025-06-05,2026-09-10,192342.33,Agent D
DEAL00412,OPP00083,CUST00217,Support Package,Proposal,2025-04-28,2026-07-27,64763.48,Agent C
DEAL00413,OPP00065,CUST00004,AI Platform,Proposal,2025-12-06,2026-03-15,210517.27,Agent B
DEAL00414,OPP00281,CUST00474,Support Package,Qualification,2026-02-27,2025-10-16,97091.3,Agent D
DEAL00415,OPP00391,CUST00036,AI Platform,Proposal,2026-03-27,2025-09-13,135381.64,Agent C
DEAL00416,OPP00428,CUST00178,CRM License,Won,2026-01-24,2026-06-27,235780.32,Agent D
DEAL00417,OPP00107,CUST00387,Support Package,Negotiation,2025-07-12,2026-01-04,171907.63,Agent C
DEAL00418,OPP00548,CUST00257,AI Platform,Proposal,2026-02-03,2026-01-08,163173.01,Agent D
DEAL00419,OPP00262,CUST00017,CRM License,Prospecting,2025-12-12,2026-04-27,179343.89,Agent E
DEAL00420,OPP00159,CUST00199,Support Package,Won,2025-07-14,2025-09-13,229937.28,Agent A
DEAL00421,OPP00265,CUST00318,CRM License,Proposal,2025-06-17,2026-07-09,65885.86,Agent D
DEAL00422,OPP00468,CUST00048,Analytics Suite,Lost,2026-01-12,2026-07-09,155244.1,Agent A
DEAL00423,OPP00202,CUST00062,Support Package,Proposal,2026-05-04,2025-10-05,103096.49,Agent D
DEAL00424,OPP00155,CUST00069,Analytics Suite,Lost,2025-08-27,2026-02-20,7904.55,Agent B
DEAL00425,OPP00013,CUST00147,Laptop,Won,2025-12-28,2025-12-17,35698.72,Agent E
DEAL00426,OPP00297,CUST00359,Laptop,Proposal,2026-04-27,2026-02-07,84623.01,Agent E
DEAL00427,OPP00498,CUST00366,AI Platform,Lost,2025-09-01,2025-06-15,143424.99,Agent A
DEAL00428,OPP00597,CUST00162,Cloud Subscription,Negotiation,2025-03-10,2026-01-12,220961.32,Agent B
DEAL00429,OPP00245,CUST00227,Analytics Suite,Qualification,2025-04-05,2026-09-15,198822.96,Agent C
DEAL00430,OPP00300,CUST00433,Analytics Suite,Won,2026-05-14,2026-05-19,140566.75,Agent E
DEAL00431,OPP00362,CUST00464,Laptop,Lost,2025-03-18,2025-09-13,23098.25,Agent B
DEAL00432,OPP00354,CUST00488,Analytics Suite,Prospecting,2025-06-20,2026-01-19,75047.04,Agent B
DEAL00433,OPP00521,CUST00498,Cloud Subscription,Proposal,2025-01-01,2026-10-06,94843.62,Agent A
DEAL00434,OPP00386,CUST00431,CRM License,Lost,2026-02-10,2026-04-15,157320.71,Agent B
DEAL00435,OPP00312,CUST00487,CRM License,Lost,2025-03-03,2026-10-01,20906.29,Agent B
DEAL00436,OPP00414,CUST00347,Cloud Subscription,Lost,2025-07-26,2026-01-05,134897.42,Agent C
DEAL00437,OPP00278,CUST00489,Analytics Suite,Qualification,2025-06-03,2026-03-04,225858.82,Agent A
DEAL00438,OPP00593,CUST00230,Analytics Suite,Prospecting,2025-10-01,2026-02-16,177831.01,Agent A
DEAL00439,OPP00356,CUST00370,Analytics Suite,Prospecting,2025-02-17,2026-06-16,200283.82,Agent B
DEAL00440,OPP00525,CUST00178,AI Platform,Negotiation,2025-05-17,2026-07-24,172010.53,Agent C
DEAL00441,OPP00016,CUST00345,Support Package,Qualification,2025-01-01,2026-05-07,55614.33,Agent D
DEAL00442,OPP00045,CUST00410,Cloud Subscription,Lost,2025-08-23,2026-08-26,32068.54,Agent E
DEAL00443,OPP00321,CUST00056,Cloud Subscription,Won,2026-01-28,2026-06-04,208225.21,Agent A
DEAL00444,OPP00326,CUST00078,Cloud Subscription,Qualification,2025-09-13,2026-08-06,175398.59,Agent C
DEAL00445,OPP00148,CUST00270,Cloud Subscription,Qualification,2026-02-11,2026-05-02,145890.08,Agent C
DEAL00446,OPP00355,CUST00206,Cloud Subscription,Prospecting,2025-04-17,2026-09-22,51374.3,Agent B
DEAL00447,OPP00236,CUST00281,Analytics Suite,Negotiation,2025-06-22,2026-09-17,152819.52,Agent E
DEAL00448,OPP00105,CUST00228,AI Platform,Negotiation,2025-05-10,2025-12-07,12673.84,Agent A
DEAL00449,OPP00474,CUST00388,Laptop,Qualification,2026-02-02,2026-06-07,34115.59,Agent D
DEAL00450,OPP00396,CUST00239,Analytics Suite,Qualification,2025-10-21,2026-07-24,81413.09,Agent B
DEAL00451,OPP00446,CUST00463,Analytics Suite,Proposal,2025-02-09,2025-12-15,113715.88,Agent A
DEAL00452,OPP00220,CUST00288,Support Package,Lost,2026-03-23,2026-05-19,34538.3,Agent A
DEAL00453,OPP00442,CUST00082,Laptop,Prospecting,2025-12-04,2026-03-04,34385.35,Agent C
DEAL00454,OPP00028,CUST00334,Cloud Subscription,Lost,2025-01-16,2026-05-02,182843.95,Agent E
DEAL00455,OPP00475,CUST00250,Laptop,Won,2025-05-07,2026-10-08,144581.25,Agent D
DEAL00456,OPP00305,CUST00193,AI Platform,Won,2026-01-08,2025-07-09,135766.79,Agent E
DEAL00457,OPP00405,CUST00106,CRM License,Negotiation,2025-12-15,2025-11-09,115846.45,Agent C
DEAL00458,OPP00513,CUST00189,Analytics Suite,Prospecting,2026-05-07,2026-10-03,244253.06,Agent D
DEAL00459,OPP00502,CUST00276,Laptop,Lost,2025-07-22,2025-09-29,17201.07,Agent D
DEAL00460,OPP00348,CUST00074,Support Package,Negotiation,2025-05-14,2026-06-15,49253.66,Agent B
DEAL00461,OPP00240,CUST00010,AI Platform,Won,2025-09-16,2026-07-04,163639.4,Agent D
DEAL00462,OPP00570,CUST00123,CRM License,Qualification,2025-01-14,2026-02-17,38409.59,Agent A
DEAL00463,OPP00337,CUST00216,AI Platform,Prospecting,2025-03-07,2026-08-24,149398.33,Agent E
DEAL00464,OPP00026,CUST00290,Cloud Subscription,Prospecting,2026-04-25,2026-01-02,144101.5,Agent E
DEAL00465,OPP00409,CUST00445,CRM License,Lost,2025-12-17,2026-04-08,242896.27,Agent B
DEAL00466,OPP00077,CUST00476,Support Package,Proposal,2026-04-04,2025-07-19,221429.69,Agent D
DEAL00467,OPP00217,CUST00411,CRM License,Lost,2025-12-08,2025-08-31,236660.57,Agent C
DEAL00468,OPP00328,CUST00040,Support Package,Qualification,2025-07-14,2025-10-07,32832.58,Agent A
DEAL00469,OPP00023,CUST00193,Cloud Subscription,Qualification,2025-04-24,2026-04-17,217696.37,Agent B
DEAL00470,OPP00310,CUST00127,Support Package,Negotiation,2025-06-08,2025-06-28,36627.21,Agent D
DEAL00471,OPP00599,CUST00289,AI Platform,Prospecting,2025-06-10,2026-05-22,160068.38,Agent C
DEAL00472,OPP00267,CUST00452,Laptop,Negotiation,2025-09-11,2025-10-26,181419.15,Agent D
DEAL00473,OPP00415,CUST00071,AI Platform,Qualification,2026-04-17,2026-08-06,44409.11,Agent B
DEAL00474,OPP00267,CUST00137,Analytics Suite,Proposal,2026-01-20,2026-04-24,160001.55,Agent C
DEAL00475,OPP00333,CUST00144,AI Platform,Prospecting,2026-03-04,2025-08-04,17852.82,Agent C
DEAL00476,OPP00450,CUST00389,CRM License,Qualification,2025-01-15,2026-01-04,76850.19,Agent C
DEAL00477,OPP00565,CUST00354,Cloud Subscription,Proposal,2025-02-06,2025-07-21,230683.83,Agent C
DEAL00478,OPP00247,CUST00380,Analytics Suite,Lost,2025-06-04,2026-08-01,47074.13,Agent D
DEAL00479,OPP00036,CUST00407,Analytics Suite,Won,2026-05-01,2026-04-01,20991.15,Agent C
DEAL00480,OPP00401,CUST00299,Analytics Suite,Qualification,2026-03-08,2026-07-14,113701.16,Agent D
DEAL00481,OPP00028,CUST00370,Laptop,Won,2025-01-27,2025-08-13,213401.46,Agent C
DEAL00482,OPP00220,CUST00345,Support Package,Negotiation,2026-05-07,2026-09-03,23784.73,Agent C
DEAL00483,OPP00406,CUST00441,CRM License,Won,2025-01-12,2026-07-30,92106.16,Agent B
DEAL00484,OPP00271,CUST00435,Cloud Subscription,Qualification,2025-03-08,2025-12-16,225444.83,Agent D
DEAL00485,OPP00511,CUST00269,Laptop,Won,2025-01-30,2025-12-09,33948.11,Agent D
DEAL00486,OPP00286,CUST00384,AI Platform,Prospecting,2025-04-06,2025-12-06,81113.78,Agent E
DEAL00487,OPP00454,CUST00408,Cloud Subscription,Qualification,2025-08-03,2025-06-12,195713.05,Agent B
DEAL00488,OPP00317,CUST00139,Analytics Suite,Proposal,2025-07-13,2026-01-25,138086.69,Agent D
DEAL00489,OPP00590,CUST00052,Cloud Subscription,Won,2025-05-15,2026-05-26,208921.62,Agent B
DEAL00490,OPP00297,CUST00499,Cloud Subscription,Prospecting,2025-10-17,2025-08-20,32340.87,Agent B
DEAL00491,OPP00338,CUST00017,AI Platform,Negotiation,2025-02-01,2026-08-27,230535.77,Agent B
DEAL00492,OPP00307,CUST00165,Support Package,Negotiation,2026-01-08,2026-06-18,234053.39,Agent A
DEAL00493,OPP00428,CUST00013,CRM License,Won,2025-02-08,2026-02-25,43051.69,Agent D
DEAL00494,OPP00351,CUST00190,Analytics Suite,Negotiation,2025-12-18,2026-03-17,13299.49,Agent B
DEAL00495,OPP00511,CUST00475,Support Package,Proposal,2026-03-03,2025-07-18,247511.14,Agent A
DEAL00496,OPP00525,CUST00340,Laptop,Qualification,2026-03-03,2026-04-13,123151.64,Agent A
DEAL00497,OPP00492,CUST00353,Analytics Suite,Prospecting,2025-07-25,2025-12-26,145158.47,Agent C
DEAL00498,OPP00594,CUST00362,CRM License,Lost,2026-01-22,2025-07-05,155896.66,Agent C
DEAL00499,OPP00009,CUST00352,Laptop,Won,2026-03-06,2025-09-27,198468.77,Agent D
DEAL00500,OPP00497,CUST00264,AI Platform,Negotiation,2026-02-20,2025-08-04,203937.05,Agent C
DEAL00501,OPP00560,CUST00312,Support Package,Qualification,2025-02-12,2026-04-11,52511.68,Agent D
DEAL00502,OPP00561,CUST00221,Analytics Suite,Lost,2026-04-29,2026-01-28,62976.0,Agent A
DEAL00503,OPP00440,CUST00104,Cloud Subscription,Proposal,2025-12-03,2026-10-11,219824.09,Agent A
DEAL00504,OPP00552,CUST00339,CRM License,Negotiation,2026-05-11,2025-07-06,205781.81,Agent D
DEAL00505,OPP00108,CUST00198,Analytics Suite,Negotiation,2025-09-16,2026-09-06,156316.75,Agent C
DEAL00506,OPP00245,CUST00300,Cloud Subscription,Prospecting,2025-09-06,2026-02-07,248701.29,Agent C
DEAL00507,OPP00255,CUST00444,Analytics Suite,Proposal,2025-03-15,2026-07-08,185120.07,Agent D
DEAL00508,OPP00033,CUST00359,Laptop,Proposal,2026-01-08,2026-01-29,57880.01,Agent E
DEAL00509,OPP00023,CUST00368,Cloud Subscription,Won,2025-11-15,2025-07-12,212427.8,Agent C
DEAL00510,OPP00566,CUST00169,Cloud Subscription,Lost,2026-01-02,2025-08-08,106609.5,Agent B
DEAL00511,OPP00049,CUST00149,Analytics Suite,Prospecting,2025-10-23,2026-07-08,13857.4,Agent C
DEAL00512,OPP00462,CUST00249,AI Platform,Won,2025-10-01,2025-09-15,83748.21,Agent E
DEAL00513,OPP00590,CUST00256,AI Platform,Prospecting,2025-11-19,2025-07-09,192070.05,Agent A
DEAL00514,OPP00336,CUST00470,Support Package,Proposal,2025-12-25,2025-08-08,240250.52,Agent A
DEAL00515,OPP00358,CUST00042,Laptop,Prospecting,2025-07-09,2025-11-27,72653.42,Agent A
DEAL00516,OPP00122,CUST00202,AI Platform,Prospecting,2025-05-18,2025-06-12,65396.5,Agent C
DEAL00517,OPP00444,CUST00458,Analytics Suite,Prospecting,2026-03-12,2026-05-05,143086.06,Agent A
DEAL00518,OPP00359,CUST00244,AI Platform,Qualification,2026-04-02,2026-08-05,203862.56,Agent E
DEAL00519,OPP00346,CUST00157,Support Package,Qualification,2025-10-29,2025-12-21,187898.79,Agent E
DEAL00520,OPP00193,CUST00464,CRM License,Lost,2025-11-07,2025-07-06,142189.93,Agent C
DEAL00521,OPP00416,CUST00449,Support Package,Lost,2026-03-06,2025-10-04,159690.47,Agent B
DEAL00522,OPP00377,CUST00401,Cloud Subscription,Proposal,2025-11-27,2025-08-02,64314.24,Agent C
DEAL00523,OPP00463,CUST00286,Cloud Subscription,Prospecting,2026-03-20,2026-04-28,110980.69,Agent A
DEAL00524,OPP00146,CUST00282,AI Platform,Proposal,2025-12-19,2025-08-21,67564.58,Agent C
DEAL00525,OPP00478,CUST00437,AI Platform,Qualification,2026-04-29,2026-10-10,221682.4,Agent E
DEAL00526,OPP00408,CUST00381,Support Package,Prospecting,2025-10-09,2026-04-03,32575.85,Agent C
DEAL00527,OPP00286,CUST00238,Support Package,Won,2026-02-15,2026-10-09,171536.44,Agent C
DEAL00528,OPP00111,CUST00019,Analytics Suite,Qualification,2025-06-15,2026-03-26,68769.38,Agent B
DEAL00529,OPP00050,CUST00053,Laptop,Qualification,2025-10-05,2025-07-04,121516.47,Agent E
DEAL00530,OPP00014,CUST00085,Analytics Suite,Qualification,2025-01-26,2026-01-26,78356.13,Agent D
DEAL00531,OPP00134,CUST00273,Cloud Subscription,Prospecting,2026-04-15,2025-09-05,84195.1,Agent D
DEAL00532,OPP00588,CUST00430,Analytics Suite,Lost,2026-03-29,2025-07-19,68796.29,Agent E
DEAL00533,OPP00596,CUST00360,Support Package,Negotiation,2026-02-23,2025-10-24,189434.27,Agent D
DEAL00534,OPP00343,CUST00213,Analytics Suite,Won,2026-03-26,2025-10-03,94600.39,Agent A
DEAL00535,OPP00286,CUST00437,CRM License,Won,2026-04-28,2025-12-06,182957.47,Agent D
DEAL00536,OPP00314,CUST00361,Laptop,Proposal,2025-03-14,2025-07-27,116737.13,Agent A
DEAL00537,OPP00297,CUST00104,Support Package,Prospecting,2025-04-25,2026-05-15,139075.28,Agent E
DEAL00538,OPP00569,CUST00192,AI Platform,Lost,2025-02-20,2025-09-17,138105.43,Agent D
DEAL00539,OPP00164,CUST00429,Analytics Suite,Qualification,2026-01-04,2025-06-05,244083.76,Agent D
DEAL00540,OPP00497,CUST00177,Support Package,Negotiation,2026-02-06,2026-09-16,94930.3,Agent A
DEAL00541,OPP00016,CUST00147,AI Platform,Prospecting,2025-06-20,2025-06-24,55882.6,Agent A
DEAL00542,OPP00344,CUST00380,AI Platform,Prospecting,2025-09-25,2026-01-07,228389.03,Agent C
DEAL00543,OPP00078,CUST00455,Cloud Subscription,Lost,2025-01-03,2026-08-22,47835.63,Agent B
DEAL00544,OPP00346,CUST00081,Cloud Subscription,Negotiation,2025-07-29,2026-04-11,209433.6,Agent D
DEAL00545,OPP00072,CUST00193,Support Package,Qualification,2026-01-11,2026-03-21,41802.65,Agent B
DEAL00546,OPP00270,CUST00037,Support Package,Prospecting,2026-05-01,2026-07-22,166387.46,Agent B
DEAL00547,OPP00287,CUST00377,CRM License,Won,2026-01-26,2025-06-10,41882.5,Agent D
DEAL00548,OPP00066,CUST00326,Laptop,Won,2026-04-26,2025-11-12,231156.03,Agent A
DEAL00549,OPP00068,CUST00154,Laptop,Negotiation,2026-01-25,2026-09-24,143427.03,Agent C
DEAL00550,OPP00193,CUST00130,Support Package,Qualification,2025-12-04,2026-01-01,85672.09,Agent E
DEAL00551,OPP00055,CUST00059,Cloud Subscription,Negotiation,2025-10-28,2025-10-04,39379.08,Agent D
DEAL00552,OPP00379,CUST00224,Analytics Suite,Prospecting,2026-01-18,2026-02-22,95942.1,Agent D
DEAL00553,OPP00168,CUST00249,CRM License,Won,2025-12-08,2026-03-07,177729.91,Agent E
DEAL00554,OPP00409,CUST00240,Laptop,Proposal,2025-04-25,2025-08-27,99312.97,Agent B
DEAL00555,OPP00508,CUST00374,Support Package,Negotiation,2025-06-16,2026-08-29,65293.06,Agent C
DEAL00556,OPP00537,CUST00389,Cloud Subscription,Proposal,2026-03-11,2025-09-22,146465.31,Agent B
DEAL00557,OPP00102,CUST00293,Cloud Subscription,Proposal,2025-09-22,2025-06-21,107366.35,Agent E
DEAL00558,OPP00422,CUST00287,Cloud Subscription,Lost,2025-08-15,2025-10-26,45622.53,Agent E
DEAL00559,OPP00478,CUST00204,Analytics Suite,Won,2025-05-31,2026-01-31,42727.06,Agent C
DEAL00560,OPP00120,CUST00099,AI Platform,Negotiation,2025-09-25,2026-02-21,178328.19,Agent E
DEAL00561,OPP00291,CUST00350,Analytics Suite,Proposal,2025-04-26,2026-01-03,243794.61,Agent E
DEAL00562,OPP00488,CUST00176,Cloud Subscription,Prospecting,2025-03-29,2026-08-05,62108.05,Agent C
DEAL00563,OPP00161,CUST00262,Support Package,Lost,2025-11-14,2026-09-27,194421.41,Agent D
DEAL00564,OPP00078,CUST00271,CRM License,Qualification,2025-08-30,2026-01-26,26463.64,Agent B
DEAL00565,OPP00038,CUST00143,Analytics Suite,Lost,2025-12-26,2026-08-05,98486.1,Agent D
DEAL00566,OPP00394,CUST00189,Support Package,Qualification,2025-11-25,2026-07-04,129138.6,Agent D
DEAL00567,OPP00441,CUST00272,Cloud Subscription,Won,2025-11-29,2026-08-02,70843.0,Agent B
DEAL00568,OPP00540,CUST00020,CRM License,Negotiation,2025-02-09,2026-01-18,134746.71,Agent D
DEAL00569,OPP00462,CUST00333,Laptop,Negotiation,2025-07-01,2026-01-18,221240.53,Agent C
DEAL00570,OPP00294,CUST00300,Laptop,Qualification,2026-05-05,2026-01-28,236387.3,Agent B
DEAL00571,OPP00400,CUST00426,Support Package,Prospecting,2025-07-28,2025-12-07,29636.45,Agent A
DEAL00572,OPP00092,CUST00046,CRM License,Qualification,2026-01-26,2026-06-25,71602.25,Agent D
DEAL00573,OPP00006,CUST00095,Support Package,Qualification,2025-09-30,2026-01-15,244887.81,Agent E
DEAL00574,OPP00271,CUST00418,CRM License,Negotiation,2025-04-29,2025-08-05,71252.51,Agent B
DEAL00575,OPP00559,CUST00064,CRM License,Proposal,2026-01-17,2026-09-03,174713.3,Agent A
DEAL00576,OPP00099,CUST00413,Support Package,Prospecting,2026-03-10,2026-06-13,67096.15,Agent E
DEAL00577,OPP00526,CUST00131,CRM License,Negotiation,2025-01-24,2026-06-23,92309.57,Agent A
DEAL00578,OPP00194,CUST00009,Analytics Suite,Lost,2025-09-15,2026-03-06,51863.35,Agent D
DEAL00579,OPP00157,CUST00459,Cloud Subscription,Qualification,2026-04-28,2026-02-24,214793.55,Agent E
DEAL00580,OPP00115,CUST00203,CRM License,Proposal,2025-04-02,2025-12-26,221248.95,Agent D
DEAL00581,OPP00396,CUST00409,Analytics Suite,Prospecting,2026-04-12,2026-07-20,77743.56,Agent E
DEAL00582,OPP00522,CUST00470,CRM License,Won,2025-06-10,2025-06-16,206779.51,Agent B
DEAL00583,OPP00214,CUST00298,Analytics Suite,Prospecting,2025-05-29,2026-03-24,92769.2,Agent C
DEAL00584,OPP00533,CUST00174,Support Package,Prospecting,2025-04-27,2026-09-17,29259.76,Agent C
DEAL00585,OPP00015,CUST00073,Laptop,Qualification,2026-04-03,2026-01-06,190728.72,Agent A
DEAL00586,OPP00419,CUST00084,AI Platform,Qualification,2025-02-22,2026-02-12,151129.33,Agent E
DEAL00587,OPP00368,CUST00059,CRM License,Won,2025-10-29,2026-06-02,72223.7,Agent D
DEAL00588,OPP00213,CUST00021,AI Platform,Won,2025-02-14,2026-02-23,66984.94,Agent B
DEAL00589,OPP00005,CUST00458,CRM License,Won,2025-09-22,2026-01-15,244027.73,Agent B
DEAL00590,OPP00231,CUST00406,Support Package,Negotiation,2026-05-01,2025-09-27,216312.76,Agent B
DEAL00591,OPP00201,CUST00157,Support Package,Negotiation,2025-09-19,2026-08-14,203400.59,Agent C
DEAL00592,OPP00402,CUST00319,Analytics Suite,Qualification,2025-11-03,2025-11-25,36364.34,Agent D
DEAL00593,OPP00149,CUST00329,CRM License,Qualification,2025-08-22,2025-06-20,190020.88,Agent B
DEAL00594,OPP00584,CUST00061,Support Package,Won,2026-01-10,2026-08-24,57562.35,Agent B
DEAL00595,OPP00492,CUST00064,Support Package,Negotiation,2025-02-04,2025-07-06,244460.29,Agent A
DEAL00596,OPP00226,CUST00325,CRM License,Proposal,2025-12-04,2026-05-01,17761.85,Agent E
DEAL00597,OPP00586,CUST00168,Analytics Suite,Negotiation,2026-03-13,2026-07-27,91273.93,Agent E
DEAL00598,OPP00169,CUST00203,Analytics Suite,Qualification,2026-02-07,2026-07-11,110018.72,Agent E
DEAL00599,OPP00152,CUST00129,Analytics Suite,Negotiation,2025-07-16,2025-09-16,206929.71,Agent A
DEAL00600,OPP00224,CUST00245,Analytics Suite,Qualification,2025-01-25,2025-12-06,192724.59,Agent C
DEAL00601,OPP00504,CUST00106,Laptop,Won,2026-01-30,2025-11-25,96873.08,Agent A
DEAL00602,OPP00550,CUST00321,CRM License,Won,2025-07-21,2025-09-04,143562.27,Agent B
DEAL00603,OPP00044,CUST00122,Laptop,Won,2025-09-30,2026-04-11,209720.82,Agent D
DEAL00604,OPP00504,CUST00318,Support Package,Proposal,2025-02-05,2025-06-20,9458.9,Agent B
DEAL00605,OPP00241,CUST00182,Laptop,Proposal,2026-04-19,2025-11-11,201533.63,Agent B
DEAL00606,OPP00351,CUST00103,Analytics Suite,Qualification,2025-08-11,2026-06-17,236989.53,Agent D
DEAL00607,OPP00023,CUST00316,Support Package,Prospecting,2025-12-18,2025-09-05,12855.81,Agent E
DEAL00608,OPP00598,CUST00302,Laptop,Lost,2025-10-04,2025-10-21,16167.34,Agent A
DEAL00609,OPP00043,CUST00261,Laptop,Proposal,2025-01-18,2025-08-01,89405.93,Agent C
DEAL00610,OPP00466,CUST00113,CRM License,Qualification,2025-07-07,2026-01-28,26503.54,Agent B
DEAL00611,OPP00040,CUST00406,Laptop,Negotiation,2026-02-06,2026-01-24,122422.64,Agent B
DEAL00612,OPP00303,CUST00474,Support Package,Won,2025-09-14,2025-10-09,183534.12,Agent C
DEAL00613,OPP00175,CUST00437,Analytics Suite,Won,2025-05-22,2025-09-01,143890.31,Agent A
DEAL00614,OPP00532,CUST00070,CRM License,Won,2025-05-16,2026-10-08,53125.82,Agent B
DEAL00615,OPP00461,CUST00160,Laptop,Qualification,2026-03-26,2025-08-30,165428.77,Agent C
DEAL00616,OPP00193,CUST00240,CRM License,Won,2025-11-03,2025-10-11,172789.35,Agent B
DEAL00617,OPP00244,CUST00011,AI Platform,Proposal,2025-03-20,2025-10-01,233449.26,Agent E
DEAL00618,OPP00280,CUST00138,CRM License,Negotiation,2026-03-20,2026-08-14,40965.24,Agent E
DEAL00619,OPP00036,CUST00495,Analytics Suite,Won,2026-02-22,2026-07-20,174622.36,Agent B
DEAL00620,OPP00557,CUST00167,AI Platform,Qualification,2025-10-19,2026-05-08,228299.67,Agent B
DEAL00621,OPP00540,CUST00247,AI Platform,Negotiation,2025-03-03,2026-07-24,127883.22,Agent E
DEAL00622,OPP00154,CUST00354,CRM License,Won,2025-05-09,2025-09-26,93640.92,Agent B
DEAL00623,OPP00023,CUST00031,Support Package,Prospecting,2026-05-14,2026-08-29,46833.63,Agent A
DEAL00624,OPP00091,CUST00012,Analytics Suite,Won,2025-12-07,2025-12-15,217362.79,Agent A
DEAL00625,OPP00390,CUST00243,Support Package,Lost,2025-10-25,2026-03-09,101590.36,Agent D
DEAL00626,OPP00359,CUST00108,Analytics Suite,Proposal,2025-09-14,2026-06-09,231596.2,Agent A
DEAL00627,OPP00550,CUST00336,Analytics Suite,Negotiation,2026-04-25,2025-06-01,212700.78,Agent B
DEAL00628,OPP00228,CUST00422,Support Package,Proposal,2025-07-31,2025-12-28,97276.76,Agent B
DEAL00629,OPP00202,CUST00323,Cloud Subscription,Prospecting,2025-02-23,2026-02-18,145609.01,Agent C
DEAL00630,OPP00350,CUST00194,AI Platform,Prospecting,2025-06-24,2026-07-25,11657.64,Agent A
DEAL00631,OPP00038,CUST00308,CRM License,Lost,2025-04-10,2026-04-28,69489.24,Agent E
DEAL00632,OPP00500,CUST00133,Support Package,Proposal,2025-02-08,2025-12-29,179016.85,Agent E
DEAL00633,OPP00043,CUST00395,Support Package,Negotiation,2026-02-18,2025-08-26,171088.18,Agent D
DEAL00634,OPP00517,CUST00281,CRM License,Prospecting,2025-09-20,2025-10-31,91575.52,Agent C
DEAL00635,OPP00068,CUST00291,AI Platform,Prospecting,2025-05-30,2026-05-16,203108.97,Agent E
DEAL00636,OPP00123,CUST00163,CRM License,Won,2025-05-01,2025-12-04,62779.83,Agent D
DEAL00637,OPP00336,CUST00278,Analytics Suite,Lost,2025-06-27,2025-07-31,118011.28,Agent A
DEAL00638,OPP00153,CUST00421,Cloud Subscription,Qualification,2025-10-28,2026-03-12,120770.01,Agent C
DEAL00639,OPP00162,CUST00470,Analytics Suite,Prospecting,2025-11-26,2025-09-03,88500.11,Agent C
DEAL00640,OPP00214,CUST00439,Cloud Subscription,Negotiation,2025-04-30,2026-03-01,238893.19,Agent B
DEAL00641,OPP00376,CUST00203,CRM License,Negotiation,2025-03-13,2025-07-11,175687.59,Agent A
DEAL00642,OPP00443,CUST00096,Analytics Suite,Won,2025-08-07,2025-10-25,137103.84,Agent C
DEAL00643,OPP00423,CUST00483,AI Platform,Negotiation,2026-01-29,2026-02-01,130076.2,Agent D
DEAL00644,OPP00538,CUST00223,Analytics Suite,Won,2026-02-02,2025-10-10,44027.54,Agent E
DEAL00645,OPP00230,CUST00237,Support Package,Prospecting,2025-10-29,2026-08-23,96185.79,Agent A
DEAL00646,OPP00059,CUST00117,Cloud Subscription,Prospecting,2025-05-03,2026-03-24,169829.46,Agent A
DEAL00647,OPP00096,CUST00456,Cloud Subscription,Prospecting,2025-09-01,2025-10-01,231519.7,Agent C
DEAL00648,OPP00262,CUST00192,AI Platform,Prospecting,2026-01-09,2025-10-21,205033.69,Agent C
DEAL00649,OPP00354,CUST00276,Cloud Subscription,Qualification,2025-03-16,2025-11-29,78595.5,Agent C
DEAL00650,OPP00312,CUST00106,Cloud Subscription,Lost,2025-01-06,2025-12-09,111319.37,Agent D
DEAL00651,OPP00136,CUST00482,AI Platform,Lost,2025-01-21,2026-08-30,25314.79,Agent B
DEAL00652,OPP00473,CUST00004,Analytics Suite,Qualification,2025-07-09,2026-07-04,30032.22,Agent C
DEAL00653,OPP00430,CUST00018,CRM License,Prospecting,2025-08-13,2025-12-24,120206.44,Agent B
DEAL00654,OPP00537,CUST00307,Analytics Suite,Negotiation,2026-02-07,2026-08-08,134903.75,Agent B
DEAL00655,OPP00146,CUST00452,Support Package,Won,2025-04-13,2026-01-17,69686.64,Agent A
DEAL00656,OPP00524,CUST00020,Support Package,Lost,2025-12-10,2025-06-22,162481.76,Agent E
DEAL00657,OPP00087,CUST00122,Cloud Subscription,Proposal,2026-04-11,2026-07-07,177328.27,Agent E
DEAL00658,OPP00109,CUST00137,Support Package,Won,2025-04-09,2025-08-19,78283.45,Agent D
DEAL00659,OPP00423,CUST00080,CRM License,Proposal,2026-05-15,2025-10-08,190814.06,Agent D
DEAL00660,OPP00345,CUST00154,Cloud Subscription,Proposal,2025-11-14,2026-03-19,55373.21,Agent E
DEAL00661,OPP00266,CUST00358,Support Package,Prospecting,2025-12-29,2026-03-03,138341.59,Agent E
DEAL00662,OPP00586,CUST00025,Laptop,Proposal,2026-04-30,2026-07-05,202048.87,Agent A
DEAL00663,OPP00494,CUST00452,Laptop,Prospecting,2025-03-24,2026-04-19,136567.23,Agent A
DEAL00664,OPP00333,CUST00169,Laptop,Qualification,2025-06-30,2026-06-11,227450.87,Agent E
DEAL00665,OPP00413,CUST00059,Laptop,Negotiation,2025-06-01,2026-07-19,19332.8,Agent C
DEAL00666,OPP00191,CUST00301,Analytics Suite,Proposal,2025-02-25,2025-07-25,149136.89,Agent C
DEAL00667,OPP00142,CUST00041,Laptop,Negotiation,2025-07-09,2025-08-05,142630.09,Agent A
DEAL00668,OPP00073,CUST00038,Cloud Subscription,Prospecting,2026-02-22,2026-01-13,166786.57,Agent B
DEAL00669,OPP00167,CUST00117,AI Platform,Proposal,2025-01-22,2025-06-26,209184.68,Agent E
DEAL00670,OPP00168,CUST00275,Analytics Suite,Won,2025-03-09,2026-08-15,182834.01,Agent D
DEAL00671,OPP00566,CUST00270,AI Platform,Qualification,2025-07-04,2026-02-08,198619.27,Agent C
DEAL00672,OPP00259,CUST00127,Cloud Subscription,Lost,2025-01-10,2025-12-14,75760.1,Agent B
DEAL00673,OPP00439,CUST00405,Cloud Subscription,Qualification,2025-03-07,2025-10-08,99936.86,Agent C
DEAL00674,OPP00111,CUST00399,CRM License,Proposal,2025-09-21,2026-01-29,158560.36,Agent B
DEAL00675,OPP00531,CUST00003,Analytics Suite,Qualification,2025-08-13,2026-04-08,140598.06,Agent E
DEAL00676,OPP00290,CUST00293,AI Platform,Lost,2025-05-03,2025-12-29,240470.45,Agent E
DEAL00677,OPP00562,CUST00373,Laptop,Won,2025-02-07,2025-12-07,50774.45,Agent E
DEAL00678,OPP00510,CUST00498,Cloud Subscription,Negotiation,2026-05-06,2026-03-17,91063.2,Agent A
DEAL00679,OPP00175,CUST00430,Laptop,Won,2025-05-03,2026-01-12,145325.03,Agent B
DEAL00680,OPP00302,CUST00016,AI Platform,Qualification,2025-11-14,2026-02-01,217651.12,Agent D
DEAL00681,OPP00185,CUST00398,Analytics Suite,Lost,2025-06-05,2025-07-26,232690.39,Agent D
DEAL00682,OPP00339,CUST00265,Support Package,Negotiation,2026-01-29,2025-07-25,87328.9,Agent E
DEAL00683,OPP00510,CUST00239,Support Package,Lost,2025-10-28,2026-03-03,21441.57,Agent D
DEAL00684,OPP00310,CUST00263,Cloud Subscription,Won,2025-11-17,2026-04-02,108296.83,Agent C
DEAL00685,OPP00507,CUST00398,CRM License,Prospecting,2026-04-27,2026-07-14,101614.32,Agent B
DEAL00686,OPP00346,CUST00134,Laptop,Prospecting,2025-03-08,2026-05-06,246689.33,Agent B
DEAL00687,OPP00081,CUST00213,Cloud Subscription,Negotiation,2026-01-28,2025-10-31,110610.0,Agent B
DEAL00688,OPP00374,CUST00015,CRM License,Negotiation,2025-05-13,2025-07-23,79902.13,Agent C
DEAL00689,OPP00156,CUST00436,Laptop,Negotiation,2025-12-28,2026-07-03,94517.46,Agent A
DEAL00690,OPP00432,CUST00328,AI Platform,Prospecting,2026-01-29,2026-08-18,102246.94,Agent C
DEAL00691,OPP00500,CUST00418,Support Package,Won,2025-05-20,2025-09-19,206277.39,Agent B
DEAL00692,OPP00147,CUST00360,CRM License,Negotiation,2025-03-23,2026-10-05,24848.65,Agent B
DEAL00693,OPP00481,CUST00129,Laptop,Prospecting,2025-02-27,2026-08-01,82544.23,Agent B
DEAL00694,OPP00435,CUST00352,Cloud Subscription,Negotiation,2025-05-29,2026-10-04,241748.03,Agent D
DEAL00695,OPP00519,CUST00122,Laptop,Negotiation,2026-02-09,2026-08-20,42510.11,Agent A
DEAL00696,OPP00069,CUST00241,Cloud Subscription,Lost,2026-03-25,2026-09-30,186937.32,Agent C
DEAL00697,OPP00186,CUST00115,Support Package,Negotiation,2025-05-11,2025-12-21,92316.41,Agent B
DEAL00698,OPP00204,CUST00197,Support Package,Prospecting,2025-03-10,2025-09-20,147537.45,Agent E
DEAL00699,OPP00554,CUST00222,Laptop,Won,2025-12-11,2026-04-21,29389.27,Agent A
DEAL00700,OPP00013,CUST00214,Laptop,Prospecting,2025-09-07,2026-08-21,80070.86,Agent E
