interaction_id,customer_id,agent_id,interaction_datetime,channel,call_reason,duration_minutes,outcome,satisfaction_score
CALL00001,CUST00391,AG004,2025-01-01 00:00:00,Email,Cancellation,28,Follow-up Required,2
CALL00002,CUST00009,AG005,2025-01-01 18:00:00,Chat,Cancellation,2,Escalated,4
CALL00003,CUST00232,AG001,2025-01-02 12:00:00,Phone,Billing,34,Escalated,5
CALL00004,CUST00099,AG001,2025-01-03 06:00:00,Phone,Cancellation,38,Follow-up Required,1
CALL00005,CUST00218,AG003,2025-01-04 00:00:00,Phone,Product Query,3,Follow-up Required,3
CALL00006,CUST00453,AG003,2025-01-04 18:00:00,Chat,Billing,1,No Response,2
CALL00007,CUST00397,AG005,2025-01-05 12:00:00,Chat,Product Query,31,Follow-up Required,5
CALL00008,CUST00237,AG005,2025-01-06 06:00:00,Phone,Product Query,56,Resolved,3
CALL00009,CUST00222,AG005,2025-01-07 00:00:00,Email,Billing,23,Escalated,5
CALL00010,CUST00168,AG003,2025-01-07 18:00:00,Email,Product Query,20,Follow-up Required,4
CALL00011,CUST00370,AG004,2025-01-08 12:00:00,Chat,Complaint,16,Escalated,3
CALL00012,CUST00062,AG003,2025-01-09 06:00:00,Email,Cancellation,46,Follow-up Required,2
CALL00013,CUST00318,AG003,2025-01-10 00:00:00,Phone,Billing,32,Resolved,4
CALL00014,CUST00487,AG001,2025-01-10 18:00:00,Chat,Billing,17,Follow-up Required,3
CALL00015,CUST00010,AG005,2025-01-11 12:00:00,Chat,Complaint,18,Escalated,5
CALL00016,CUST00234,AG002,2025-01-12 06:00:00,Email,Complaint,57,Escalated,4
CALL00017,CUST00087,AG005,2025-01-13 00:00:00,Chat,Complaint,4,Escalated,2
CALL00018,CUST00267,AG004,2025-01-13 18:00:00,Email,Complaint,35,No Response,3
CALL00019,CUST00204,AG004,2025-01-14 12:00:00,Email,Technical Support,40,Escalated,5
CALL00020,CUST00318,AG005,2025-01-15 06:00:00,Phone,Billing,36,Follow-up Required,5
CALL00021,CUST00333,AG005,2025-01-16 00:00:00,Email,Product Query,23,Resolved,4
CALL00022,CUST00360,AG003,2025-01-16 18:00:00,Email,Billing,15,Resolved,3
CALL00023,CUST00241,AG002,2025-01-17 12:00:00,Chat,Billing,13,Follow-up Required,5
CALL00024,CUST00056,AG003,2025-01-18 06:00:00,Phone,Billing,14,No Response,4
CALL00025,CUST00110,AG001,2025-01-19 00:00:00,Phone,Complaint,14,Follow-up Required,1
CALL00026,CUST00049,AG001,2025-01-19 18:00:00,Email,Complaint,37,Escalated,5
CALL00027,CUST00243,AG004,2025-01-20 12:00:00,Chat,Technical Support,5,No Response,4
CALL00028,CUST00016,AG004,2025-01-21 06:00:00,Chat,Billing,59,Follow-up Required,1
CALL00029,CUST00073,AG002,2025-01-22 00:00:00,Chat,Cancellation,22,No Response,4
CALL00030,CUST00372,AG004,2025-01-22 18:00:00,Phone,Technical Support,28,Resolved,5
CALL00031,CUST00202,AG001,2025-01-23 12:00:00,Phone,Complaint,45,Follow-up Required,1
CALL00032,CUST00093,AG002,2025-01-24 06:00:00,Email,Billing,4,Follow-up Required,4
CALL00033,CUST00137,AG001,2025-01-25 00:00:00,Email,Complaint,50,Resolved,3
CALL00034,CUST00033,AG005,2025-01-25 18:00:00,Chat,Product Query,38,No Response,1
CALL00035,CUST00088,AG005,2025-01-26 12:00:00,Email,Complaint,29,Resolved,4
CALL00036,CUST00419,AG002,2025-01-27 06:00:00,Chat,Complaint,37,No Response,3
CALL00037,CUST00203,AG003,2025-01-28 00:00:00,Phone,Technical Support,35,Follow-up Required,1
CALL00038,CUST00039,AG004,2025-01-28 18:00:00,Email,Product Query,20,No Response,4
CALL00039,CUST00114,AG002,2025-01-29 12:00:00,Chat,Cancellation,35,No Response,5
CALL00040,CUST00333,AG004,2025-01-30 06:00:00,Phone,Cancellation,35,Escalated,1
CALL00041,CUST00247,AG001,2025-01-31 00:00:00,Chat,Cancellation,20,Escalated,1
CALL00042,CUST00343,AG003,2025-01-31 18:00:00,Email,Billing,2,Escalated,3
CALL00043,CUST00409,AG004,2025-02-01 12:00:00,Chat,Cancellation,52,Resolved,4
CALL00044,CUST00370,AG005,2025-02-02 06:00:00,Phone,Billing,58,Resolved,5
CALL00045,CUST00208,AG005,2025-02-03 00:00:00,Email,Complaint,59,Escalated,3
CALL00046,CUST00312,AG001,2025-02-03 18:00:00,Phone,Cancellation,18,Follow-up Required,1
CALL00047,CUST00432,AG002,2025-02-04 12:00:00,Email,Technical Support,30,Follow-up Required,3
CALL00048,CUST00469,AG004,2025-02-05 06:00:00,Chat,Product Query,42,Follow-up Required,3
CALL00049,CUST00394,AG001,2025-02-06 00:00:00,Phone,Product Query,56,Resolved,3
CALL00050,CUST00297,AG005,2025-02-06 18:00:00,Phone,Complaint,58,No Response,1
CALL00051,CUST00360,AG005,2025-02-07 12:00:00,Chat,Product Query,53,Resolved,2
CALL00052,CUST00211,AG005,2025-02-08 06:00:00,Phone,Product Query,29,Escalated,3
CALL00053,CUST00355,AG003,2025-02-09 00:00:00,Phone,Complaint,39,No Response,2
CALL00054,CUST00059,AG003,2025-02-09 18:00:00,Phone,Complaint,59,Follow-up Required,5
CALL00055,CUST00156,AG005,2025-02-10 12:00:00,Phone,Complaint,52,Resolved,5
CALL00056,CUST00122,AG002,2025-02-11 06:00:00,Chat,Technical Support,58,Resolved,5
CALL00057,CUST00120,AG003,2025-02-12 00:00:00,Phone,Complaint,22,Escalated,4
CALL00058,CUST00297,AG004,2025-02-12 18:00:00,Phone,Complaint,29,Follow-up Required,1
CALL00059,CUST00322,AG003,2025-02-13 12:00:00,Phone,Complaint,46,Resolved,2
CALL00060,CUST00435,AG004,2025-02-14 06:00:00,Email,Cancellation,10,Resolved,4
CALL00061,CUST00062,AG003,2025-02-15 00:00:00,Email,Cancellation,20,No Response,2
CALL00062,CUST00158,AG005,2025-02-15 18:00:00,Chat,Technical Support,16,Resolved,1
CALL00063,CUST00040,AG004,2025-02-16 12:00:00,Chat,Technical Support,6,No Response,3
CALL00064,CUST00242,AG002,2025-02-17 06:00:00,Chat,Product Query,17,Resolved,4
CALL00065,CUST00040,AG003,2025-02-18 00:00:00,Phone,Cancellation,6,Follow-up Required,1
CALL00066,CUST00453,AG003,2025-02-18 18:00:00,Email,Technical Support,22,Escalated,4
CALL00067,CUST00358,AG005,2025-02-19 12:00:00,Email,Technical Support,18,Follow-up Required,5
CALL00068,CUST00190,AG004,2025-02-20 06:00:00,Chat,Product Query,32,Escalated,4
CALL00069,CUST00234,AG005,2025-02-21 00:00:00,Email,Complaint,28,Resolved,3
CALL00070,CUST00015,AG004,2025-02-21 18:00:00,Chat,Billing,42,Follow-up Required,3
CALL00071,CUST00124,AG003,2025-02-22 12:00:00,Phone,Product Query,10,No Response,2
CALL00072,CUST00228,AG003,2025-02-23 06:00:00,Email,Billing,41,Escalated,4
CALL00073,CUST00387,AG003,2025-02-24 00:00:00,Phone,Product Query,22,Escalated,5
CALL00074,CUST00280,AG003,2025-02-24 18:00:00,Phone,Product Query,28,Resolved,3
CALL00075,CUST00425,AG001,2025-02-25 12:00:00,Email,Complaint,15,Escalated,2
CALL00076,CUST00447,AG003,2025-02-26 06:00:00,Chat,Technical Support,43,Escalated,5
CALL00077,CUST00048,AG003,2025-02-27 00:00:00,Email,Cancellation,29,Escalated,5
CALL00078,CUST00189,AG004,2025-02-27 18:00:00,Phone,Product Query,7,Resolved,5
CALL00079,CUST00304,AG003,2025-02-28 12:00:00,Chat,Complaint,50,Follow-up Required,1
CALL00080,CUST00047,AG003,2025-03-01 06:00:00,Phone,Billing,34,Resolved,3
CALL00081,CUST00184,AG004,2025-03-02 00:00:00,Chat,Technical Support,32,No Response,1
CALL00082,CUST00105,AG003,2025-03-02 18:00:00,Email,Product Query,2,Escalated,1
CALL00083,CUST00369,AG003,2025-03-03 12:00:00,Phone,Billing,26,Escalated,3
CALL00084,CUST00460,AG005,2025-03-04 06:00:00,Chat,Product Query,45,Follow-up Required,4
CALL00085,CUST00247,AG001,2025-03-05 00:00:00,Chat,Cancellation,11,Escalated,2
CALL00086,CUST00264,AG004,2025-03-05 18:00:00,Email,Cancellation,25,Follow-up Required,3
CALL00087,CUST00206,AG005,2025-03-06 12:00:00,Chat,Technical Support,19,Escalated,2
CALL00088,CUST00018,AG002,2025-03-07 06:00:00,Chat,Billing,20,Escalated,4
CALL00089,CUST00364,AG002,2025-03-08 00:00:00,Phone,Cancellation,33,Resolved,3
CALL00090,CUST00251,AG001,2025-03-08 18:00:00,Email,Complaint,17,Resolved,5
CALL00091,CUST00238,AG002,2025-03-09 12:00:00,Email,Technical Support,52,No Response,3
CALL00092,CUST00340,AG001,2025-03-10 06:00:00,Phone,Product Query,30,Follow-up Required,4
CALL00093,CUST00407,AG002,2025-03-11 00:00:00,Phone,Billing,18,No Response,1
CALL00094,CUST00453,AG002,2025-03-11 18:00:00,Phone,Billing,32,Resolved,3
CALL00095,CUST00321,AG005,2025-03-12 12:00:00,Chat,Complaint,40,Follow-up Required,5
CALL00096,CUST00365,AG002,2025-03-13 06:00:00,Email,Cancellation,45,Resolved,3
CALL00097,CUST00302,AG001,2025-03-14 00:00:00,Email,Billing,4,Follow-up Required,1
CALL00098,CUST00066,AG003,2025-03-14 18:00:00,Email,Complaint,32,Escalated,3
CALL00099,CUST00336,AG003,2025-03-15 12:00:00,Chat,Complaint,19,No Response,5
CALL00100,CUST00453,AG003,2025-03-16 06:00:00,Email,Product Query,3,No Response,4
CALL00101,CUST00150,AG001,2025-03-17 00:00:00,Email,Complaint,38,Follow-up Required,5
CALL00102,CUST00193,AG001,2025-03-17 18:00:00,Email,Technical Support,28,No Response,4
CALL00103,CUST00396,AG003,2025-03-18 12:00:00,Email,Billing,38,Resolved,5
CALL00104,CUST00147,AG002,2025-03-19 06:00:00,Phone,Technical Support,54,No Response,2
CALL00105,CUST00406,AG003,2025-03-20 00:00:00,Chat,Complaint,6,Follow-up Required,3
CALL00106,CUST00183,AG004,2025-03-20 18:00:00,Email,Complaint,56,No Response,3
CALL00107,CUST00106,AG001,2025-03-21 12:00:00,Email,Technical Support,40,No Response,1
CALL00108,CUST00236,AG004,2025-03-22 06:00:00,Email,Product Query,57,Resolved,2
CALL00109,CUST00126,AG004,2025-03-23 00:00:00,Email,Complaint,17,Escalated,1
CALL00110,CUST00446,AG001,2025-03-23 18:00:00,Email,Technical Support,42,Resolved,3
CALL00111,CUST00179,AG003,2025-03-24 12:00:00,Phone,Technical Support,56,No Response,1
CALL00112,CUST00432,AG005,2025-03-25 06:00:00,Phone,Billing,5,No Response,4
CALL00113,CUST00401,AG004,2025-03-26 00:00:00,Chat,Product Query,19,Escalated,2
CALL00114,CUST00013,AG003,2025-03-26 18:00:00,Chat,Cancellation,43,Escalated,5
CALL00115,CUST00231,AG005,2025-03-27 12:00:00,Email,Technical Support,42,Resolved,4
CALL00116,CUST00028,AG004,2025-03-28 06:00:00,Email,Billing,35,Escalated,5
CALL00117,CUST00379,AG003,2025-03-29 00:00:00,Phone,Cancellation,22,Resolved,1
CALL00118,CUST00323,AG004,2025-03-29 18:00:00,Chat,Billing,24,Follow-up Required,3
CALL00119,CUST00261,AG003,2025-03-30 12:00:00,Email,Billing,10,No Response,4
CALL00120,CUST00100,AG002,2025-03-31 06:00:00,Email,Product Query,2,Escalated,2
CALL00121,CUST00188,AG002,2025-04-01 00:00:00,Email,Complaint,28,Follow-up Required,5
CALL00122,CUST00399,AG001,2025-04-01 18:00:00,Chat,Product Query,41,Follow-up Required,4
CALL00123,CUST00337,AG005,2025-04-02 12:00:00,Phone,Cancellation,37,Resolved,3
CALL00124,CUST00300,AG004,2025-04-03 06:00:00,Phone,Product Query,53,Resolved,2
CALL00125,CUST00119,AG004,2025-04-04 00:00:00,Email,Complaint,17,Escalated,2
CALL00126,CUST00046,AG003,2025-04-04 18:00:00,Email,Product Query,6,Resolved,5
CALL00127,CUST00413,AG005,2025-04-05 12:00:00,Email,Product Query,43,Follow-up Required,4
CALL00128,CUST00068,AG004,2025-04-06 06:00:00,Email,Product Query,59,Follow-up Required,4
CALL00129,CUST00384,AG005,2025-04-07 00:00:00,Email,Technical Support,5,No Response,2
CALL00130,CUST00480,AG005,2025-04-07 18:00:00,Chat,Technical Support,39,Follow-up Required,1
CALL00131,CUST00305,AG002,2025-04-08 12:00:00,Phone,Product Query,7,Escalated,2
CALL00132,CUST00171,AG004,2025-04-09 06:00:00,Chat,Complaint,32,No Response,3
CALL00133,CUST00358,AG004,2025-04-10 00:00:00,Chat,Complaint,4,Resolved,4
CALL00134,CUST00196,AG001,2025-04-10 18:00:00,Email,Complaint,21,No Response,5
CALL00135,CUST00333,AG005,2025-04-11 12:00:00,Chat,Complaint,42,Follow-up Required,4
CALL00136,CUST00020,AG003,2025-04-12 06:00:00,Phone,Billing,32,Escalated,2
CALL00137,CUST00111,AG002,2025-04-13 00:00:00,Email,Product Query,56,Resolved,3
CALL00138,CUST00146,AG001,2025-04-13 18:00:00,Phone,Product Query,18,Resolved,1
CALL00139,CUST00192,AG002,2025-04-14 12:00:00,Chat,Billing,33,Follow-up Required,4
CALL00140,CUST00433,AG003,2025-04-15 06:00:00,Email,Complaint,14,Escalated,2
CALL00141,CUST00371,AG001,2025-04-16 00:00:00,Phone,Cancellation,6,Follow-up Required,2
CALL00142,CUST00426,AG002,2025-04-16 18:00:00,Phone,Cancellation,11,Follow-up Required,2
CALL00143,CUST00229,AG003,2025-04-17 12:00:00,Email,Billing,46,Escalated,3
CALL00144,CUST00012,AG001,2025-04-18 06:00:00,Phone,Cancellation,20,Follow-up Required,2
CALL00145,CUST00217,AG003,2025-04-19 00:00:00,Email,Technical Support,29,Escalated,2
CALL00146,CUST00478,AG001,2025-04-19 18:00:00,Email,Product Query,58,Escalated,2
CALL00147,CUST00079,AG004,2025-04-20 12:00:00,Chat,Cancellation,35,Follow-up Required,4
CALL00148,CUST00375,AG004,2025-04-21 06:00:00,Phone,Technical Support,16,Follow-up Required,2
CALL00149,CUST00036,AG002,2025-04-22 00:00:00,Email,Product Query,48,No Response,3
CALL00150,CUST00264,AG005,2025-04-22 18:00:00,Chat,Technical Support,7,Resolved,4
CALL00151,CUST00028,AG005,2025-04-23 12:00:00,Chat,Product Query,40,Resolved,2
CALL00152,CUST00372,AG003,2025-04-24 06:00:00,Email,Product Query,59,Escalated,1
CALL00153,CUST00086,AG001,2025-04-25 00:00:00,Email,Cancellation,36,No Response,3
CALL00154,CUST00188,AG004,2025-04-25 18:00:00,Phone,Billing,44,Escalated,1
CALL00155,CUST00305,AG005,2025-04-26 12:00:00,Phone,Cancellation,44,No Response,3
CALL00156,CUST00254,AG004,2025-04-27 06:00:00,Phone,Complaint,31,Escalated,1
CALL00157,CUST00422,AG003,2025-04-28 00:00:00,Email,Technical Support,42,Resolved,2
CALL00158,CUST00080,AG003,2025-04-28 18:00:00,Chat,Complaint,44,No Response,1
CALL00159,CUST00186,AG001,2025-04-29 12:00:00,Chat,Product Query,43,Follow-up Required,1
CALL00160,CUST00005,AG005,2025-04-30 06:00:00,Email,Cancellation,43,Follow-up Required,3
CALL00161,CUST00046,AG003,2025-05-01 00:00:00,Phone,Complaint,47,Resolved,2
CALL00162,CUST00354,AG003,2025-05-01 18:00:00,Chat,Complaint,6,No Response,3
CALL00163,CUST00497,AG004,2025-05-02 12:00:00,Chat,Complaint,29,Follow-up Required,2
CALL00164,CUST00102,AG002,2025-05-03 06:00:00,Phone,Product Query,27,Follow-up Required,5
CALL00165,CUST00459,AG005,2025-05-04 00:00:00,Chat,Product Query,43,Follow-up Required,4
CALL00166,CUST00002,AG001,2025-05-04 18:00:00,Phone,Product Query,2,Resolved,4
CALL00167,CUST00217,AG001,2025-05-05 12:00:00,Chat,Complaint,56,Escalated,3
CALL00168,CUST00025,AG004,2025-05-06 06:00:00,Chat,Technical Support,22,Follow-up Required,2
CALL00169,CUST00257,AG001,2025-05-07 00:00:00,Chat,Cancellation,59,Follow-up Required,1
CALL00170,CUST00223,AG003,2025-05-07 18:00:00,Phone,Cancellation,9,Escalated,4
CALL00171,CUST00453,AG005,2025-05-08 12:00:00,Chat,Product Query,11,Follow-up Required,3
CALL00172,CUST00424,AG001,2025-05-09 06:00:00,Chat,Complaint,16,No Response,3
CALL00173,CUST00324,AG005,2025-05-10 00:00:00,Chat,Technical Support,45,Follow-up Required,3
CALL00174,CUST00499,AG001,2025-05-10 18:00:00,Email,Billing,13,Escalated,2
CALL00175,CUST00069,AG002,2025-05-11 12:00:00,Chat,Product Query,54,Resolved,3
CALL00176,CUST00197,AG002,2025-05-12 06:00:00,Chat,Billing,54,Resolved,5
CALL00177,CUST00272,AG005,2025-05-13 00:00:00,Phone,Cancellation,18,No Response,1
CALL00178,CUST00182,AG002,2025-05-13 18:00:00,Phone,Cancellation,53,Follow-up Required,3
CALL00179,CUST00447,AG002,2025-05-14 12:00:00,Email,Technical Support,25,Follow-up Required,2
CALL00180,CUST00018,AG003,2025-05-15 06:00:00,Phone,Technical Support,33,Escalated,1
CALL00181,CUST00107,AG001,2025-05-16 00:00:00,Phone,Billing,52,Escalated,1
CALL00182,CUST00017,AG002,2025-05-16 18:00:00,Phone,Cancellation,10,No Response,4
CALL00183,CUST00125,AG005,2025-05-17 12:00:00,Email,Technical Support,58,No Response,3
CALL00184,CUST00483,AG003,2025-05-18 06:00:00,Email,Technical Support,30,Follow-up Required,3
CALL00185,CUST00082,AG002,2025-05-19 00:00:00,Chat,Cancellation,51,Follow-up Required,2
CALL00186,CUST00004,AG005,2025-05-19 18:00:00,Chat,Cancellation,49,No Response,5
CALL00187,CUST00115,AG001,2025-05-20 12:00:00,Phone,Complaint,1,Resolved,5
CALL00188,CUST00351,AG002,2025-05-21 06:00:00,Chat,Technical Support,33,Resolved,4
CALL00189,CUST00351,AG005,2025-05-22 00:00:00,Chat,Billing,49,Resolved,5
CALL00190,CUST00137,AG005,2025-05-22 18:00:00,Email,Product Query,15,Resolved,2
CALL00191,CUST00287,AG004,2025-05-23 12:00:00,Email,Product Query,29,No Response,4
CALL00192,CUST00389,AG005,2025-05-24 06:00:00,Chat,Cancellation,2,Escalated,3
CALL00193,CUST00228,AG004,2025-05-25 00:00:00,Chat,Billing,11,Resolved,5
CALL00194,CUST00016,AG001,2025-05-25 18:00:00,Chat,Complaint,53,No Response,2
CALL00195,CUST00298,AG001,2025-05-26 12:00:00,Phone,Technical Support,34,Resolved,2
CALL00196,CUST00425,AG003,2025-05-27 06:00:00,Email,Complaint,52,Follow-up Required,3
CALL00197,CUST00464,AG004,2025-05-28 00:00:00,Chat,Billing,41,Resolved,2
CALL00198,CUST00212,AG005,2025-05-28 18:00:00,Chat,Complaint,19,No Response,4
CALL00199,CUST00246,AG003,2025-05-29 12:00:00,Phone,Cancellation,2,Follow-up Required,4
CALL00200,CUST00286,AG003,2025-05-30 06:00:00,Email,Product Query,48,Follow-up Required,1
CALL00201,CUST00282,AG001,2025-05-31 00:00:00,Phone,Cancellation,20,Resolved,3
CALL00202,CUST00177,AG005,2025-05-31 18:00:00,Phone,Technical Support,41,Resolved,2
CALL00203,CUST00031,AG004,2025-06-01 12:00:00,Chat,Cancellation,52,Follow-up Required,5
CALL00204,CUST00050,AG001,2025-06-02 06:00:00,Phone,Billing,31,Escalated,4
CALL00205,CUST00143,AG003,2025-06-03 00:00:00,Phone,Billing,53,No Response,3
CALL00206,CUST00052,AG002,2025-06-03 18:00:00,Chat,Technical Support,4,No Response,3
CALL00207,CUST00233,AG003,2025-06-04 12:00:00,Email,Technical Support,29,No Response,4
CALL00208,CUST00166,AG002,2025-06-05 06:00:00,Chat,Product Query,56,No Response,1
CALL00209,CUST00038,AG001,2025-06-06 00:00:00,Email,Complaint,30,No Response,3
CALL00210,CUST00491,AG004,2025-06-06 18:00:00,Phone,Product Query,13,Follow-up Required,2
CALL00211,CUST00444,AG005,2025-06-07 12:00:00,Phone,Cancellation,15,No Response,5
CALL00212,CUST00020,AG002,2025-06-08 06:00:00,Chat,Complaint,20,Escalated,5
CALL00213,CUST00099,AG005,2025-06-09 00:00:00,Chat,Technical Support,34,Escalated,4
CALL00214,CUST00215,AG001,2025-06-09 18:00:00,Chat,Billing,28,Resolved,3
CALL00215,CUST00044,AG001,2025-06-10 12:00:00,Phone,Cancellation,20,Resolved,5
CALL00216,CUST00111,AG001,2025-06-11 06:00:00,Phone,Product Query,50,Resolved,3
CALL00217,CUST00487,AG004,2025-06-12 00:00:00,Email,Technical Support,25,Resolved,4
CALL00218,CUST00089,AG002,2025-06-12 18:00:00,Chat,Complaint,27,Follow-up Required,1
CALL00219,CUST00319,AG005,2025-06-13 12:00:00,Phone,Complaint,30,Escalated,5
CALL00220,CUST00118,AG003,2025-06-14 06:00:00,Email,Billing,56,Follow-up Required,2
CALL00221,CUST00434,AG001,2025-06-15 00:00:00,Chat,Technical Support,41,Escalated,4
CALL00222,CUST00406,AG005,2025-06-15 18:00:00,Chat,Technical Support,20,Follow-up Required,1
CALL00223,CUST00239,AG005,2025-06-16 12:00:00,Email,Cancellation,1,Escalated,2
CALL00224,CUST00072,AG004,2025-06-17 06:00:00,Email,Cancellation,35,Resolved,2
CALL00225,CUST00310,AG002,2025-06-18 00:00:00,Email,Complaint,55,Escalated,5
CALL00226,CUST00393,AG004,2025-06-18 18:00:00,Phone,Product Query,49,Resolved,3
CALL00227,CUST00399,AG004,2025-06-19 12:00:00,Chat,Complaint,43,Escalated,4
CALL00228,CUST00304,AG005,2025-06-20 06:00:00,Chat,Cancellation,24,Follow-up Required,2
CALL00229,CUST00404,AG002,2025-06-21 00:00:00,Email,Cancellation,25,No Response,5
CALL00230,CUST00163,AG002,2025-06-21 18:00:00,Phone,Cancellation,40,Escalated,1
CALL00231,CUST00251,AG002,2025-06-22 12:00:00,Email,Complaint,53,Follow-up Required,2
CALL00232,CUST00357,AG001,2025-06-23 06:00:00,Phone,Technical Support,12,No Response,1
CALL00233,CUST00195,AG002,2025-06-24 00:00:00,Chat,Product Query,11,Follow-up Required,4
CALL00234,CUST00060,AG005,2025-06-24 18:00:00,Chat,Product Query,30,No Response,5
CALL00235,CUST00098,AG001,2025-06-25 12:00:00,Phone,Cancellation,13,Resolved,1
CALL00236,CUST00418,AG003,2025-06-26 06:00:00,Chat,Billing,47,Escalated,3
CALL00237,CUST00356,AG004,2025-06-27 00:00:00,Chat,Complaint,25,Follow-up Required,1
CALL00238,CUST00355,AG002,2025-06-27 18:00:00,Email,Technical Support,52,Escalated,1
CALL00239,CUST00073,AG003,2025-06-28 12:00:00,Phone,Cancellation,25,Resolved,5
CALL00240,CUST00222,AG002,2025-06-29 06:00:00,Chat,Billing,17,Resolved,5
CALL00241,CUST00119,AG004,2025-06-30 00:00:00,Chat,Cancellation,12,Escalated,2
CALL00242,CUST00182,AG005,2025-06-30 18:00:00,Phone,Billing,59,Follow-up Required,1
CALL00243,CUST00384,AG005,2025-07-01 12:00:00,Chat,Product Query,51,Follow-up Required,1
CALL00244,CUST00218,AG004,2025-07-02 06:00:00,Phone,Billing,52,Follow-up Required,5
CALL00245,CUST00256,AG003,2025-07-03 00:00:00,Phone,Product Query,11,Escalated,3
CALL00246,CUST00396,AG001,2025-07-03 18:00:00,Email,Product Query,10,Follow-up Required,5
CALL00247,CUST00088,AG001,2025-07-04 12:00:00,Phone,Complaint,17,Follow-up Required,3
CALL00248,CUST00361,AG002,2025-07-05 06:00:00,Email,Billing,54,No Response,5
CALL00249,CUST00275,AG004,2025-07-06 00:00:00,Chat,Technical Support,45,Follow-up Required,4
CALL00250,CUST00492,AG004,2025-07-06 18:00:00,Phone,Technical Support,16,Resolved,1
CALL00251,CUST00336,AG001,2025-07-07 12:00:00,Email,Billing,52,Follow-up Required,3
CALL00252,CUST00026,AG003,2025-07-08 06:00:00,Phone,Complaint,20,Escalated,4
CALL00253,CUST00407,AG004,2025-07-09 00:00:00,Chat,Technical Support,49,Escalated,3
CALL00254,CUST00121,AG005,2025-07-09 18:00:00,Email,Cancellation,5,Follow-up Required,2
CALL00255,CUST00289,AG005,2025-07-10 12:00:00,Email,Technical Support,41,Escalated,2
CALL00256,CUST00362,AG004,2025-07-11 06:00:00,Email,Complaint,54,Escalated,1
CALL00257,CUST00441,AG003,2025-07-12 00:00:00,Chat,Product Query,56,Follow-up Required,4
CALL00258,CUST00030,AG005,2025-07-12 18:00:00,Email,Product Query,32,No Response,4
CALL00259,CUST00407,AG003,2025-07-13 12:00:00,Chat,Product Query,27,No Response,2
CALL00260,CUST00202,AG001,2025-07-14 06:00:00,Chat,Complaint,4,No Response,1
CALL00261,CUST00382,AG002,2025-07-15 00:00:00,Phone,Product Query,41,No Response,2
CALL00262,CUST00036,AG001,2025-07-15 18:00:00,Chat,Product Query,48,Resolved,4
CALL00263,CUST00125,AG002,2025-07-16 12:00:00,Email,Complaint,7,Follow-up Required,3
CALL00264,CUST00223,AG005,2025-07-17 06:00:00,Email,Cancellation,46,Escalated,4
CALL00265,CUST00235,AG002,2025-07-18 00:00:00,Chat,Technical Support,14,Escalated,1
CALL00266,CUST00124,AG002,2025-07-18 18:00:00,Chat,Complaint,39,Follow-up Required,4
CALL00267,CUST00470,AG004,2025-07-19 12:00:00,Phone,Complaint,24,Escalated,5
CALL00268,CUST00171,AG002,2025-07-20 06:00:00,Phone,Billing,48,Resolved,4
CALL00269,CUST00491,AG004,2025-07-21 00:00:00,Email,Product Query,18,No Response,5
CALL00270,CUST00486,AG002,2025-07-21 18:00:00,Chat,Cancellation,38,Follow-up Required,2
CALL00271,CUST00495,AG004,2025-07-22 12:00:00,Email,Billing,39,Escalated,5
CALL00272,CUST00450,AG005,2025-07-23 06:00:00,Chat,Cancellation,51,Resolved,4
CALL00273,CUST00181,AG005,2025-07-24 00:00:00,Email,Product Query,40,Escalated,4
CALL00274,CUST00215,AG002,2025-07-24 18:00:00,Email,Product Query,1,Resolved,4
CALL00275,CUST00118,AG003,2025-07-25 12:00:00,Email,Product Query,17,Escalated,1
CALL00276,CUST00227,AG005,2025-07-26 06:00:00,Chat,Technical Support,26,No Response,2
CALL00277,CUST00379,AG001,2025-07-27 00:00:00,Phone,Cancellation,51,Follow-up Required,5
CALL00278,CUST00444,AG001,2025-07-27 18:00:00,Phone,Cancellation,22,No Response,3
CALL00279,CUST00037,AG004,2025-07-28 12:00:00,Chat,Billing,39,No Response,5
CALL00280,CUST00317,AG003,2025-07-29 06:00:00,Phone,Complaint,18,Escalated,4
CALL00281,CUST00096,AG004,2025-07-30 00:00:00,Email,Product Query,38,No Response,3
CALL00282,CUST00120,AG002,2025-07-30 18:00:00,Chat,Product Query,28,Follow-up Required,3
CALL00283,CUST00491,AG005,2025-07-31 12:00:00,Chat,Billing,21,Resolved,5
CALL00284,CUST00437,AG003,2025-08-01 06:00:00,Phone,Cancellation,38,Resolved,5
CALL00285,CUST00012,AG004,2025-08-02 00:00:00,Phone,Technical Support,33,Escalated,5
CALL00286,CUST00122,AG004,2025-08-02 18:00:00,Email,Cancellation,30,Follow-up Required,5
CALL00287,CUST00035,AG001,2025-08-03 12:00:00,Chat,Technical Support,42,Follow-up Required,2
CALL00288,CUST00489,AG002,2025-08-04 06:00:00,Phone,Technical Support,55,Resolved,1
CALL00289,CUST00251,AG004,2025-08-05 00:00:00,Chat,Cancellation,8,Resolved,1
CALL00290,CUST00067,AG001,2025-08-05 18:00:00,Email,Product Query,30,No Response,5
CALL00291,CUST00482,AG003,2025-08-06 12:00:00,Email,Technical Support,39,Escalated,1
CALL00292,CUST00038,AG004,2025-08-07 06:00:00,Email,Billing,9,Resolved,5
CALL00293,CUST00280,AG001,2025-08-08 00:00:00,Chat,Billing,33,Resolved,5
CALL00294,CUST00230,AG002,2025-08-08 18:00:00,Chat,Technical Support,58,Follow-up Required,5
CALL00295,CUST00337,AG005,2025-08-09 12:00:00,Chat,Product Query,57,Follow-up Required,2
CALL00296,CUST00168,AG003,2025-08-10 06:00:00,Chat,Technical Support,43,Follow-up Required,4
CALL00297,CUST00449,AG004,2025-08-11 00:00:00,Chat,Billing,59,Resolved,1
CALL00298,CUST00441,AG001,2025-08-11 18:00:00,Email,Billing,29,Escalated,1
CALL00299,CUST00328,AG004,2025-08-12 12:00:00,Email,Cancellation,31,No Response,2
CALL00300,CUST00246,AG005,2025-08-13 06:00:00,Email,Product Query,3,Escalated,2
CALL00301,CUST00079,AG004,2025-08-14 00:00:00,Phone,Cancellation,50,Resolved,5
CALL00302,CUST00114,AG004,2025-08-14 18:00:00,Email,Complaint,38,No Response,5
CALL00303,CUST00301,AG001,2025-08-15 12:00:00,Chat,Technical Support,11,Escalated,4
CALL00304,CUST00217,AG005,2025-08-16 06:00:00,Email,Cancellation,5,Resolved,1
CALL00305,CUST00200,AG003,2025-08-17 00:00:00,Phone,Product Query,31,Escalated,2
CALL00306,CUST00381,AG001,2025-08-17 18:00:00,Phone,Technical Support,20,Resolved,4
CALL00307,CUST00500,AG005,2025-08-18 12:00:00,Phone,Technical Support,4,Follow-up Required,1
CALL00308,CUST00352,AG005,2025-08-19 06:00:00,Phone,Technical Support,8,Escalated,4
CALL00309,CUST00242,AG004,2025-08-20 00:00:00,Phone,Technical Support,42,Follow-up Required,4
CALL00310,CUST00013,AG002,2025-08-20 18:00:00,Chat,Technical Support,35,Follow-up Required,5
CALL00311,CUST00366,AG002,2025-08-21 12:00:00,Email,Product Query,13,No Response,4
CALL00312,CUST00207,AG003,2025-08-22 06:00:00,Chat,Complaint,49,No Response,5
CALL00313,CUST00262,AG004,2025-08-23 00:00:00,Chat,Billing,5,Escalated,1
CALL00314,CUST00097,AG002,2025-08-23 18:00:00,Phone,Complaint,40,Resolved,1
CALL00315,CUST00071,AG001,2025-08-24 12:00:00,Email,Billing,19,No Response,5
CALL00316,CUST00481,AG003,2025-08-25 06:00:00,Email,Cancellation,18,No Response,3
CALL00317,CUST00303,AG004,2025-08-26 00:00:00,Email,Technical Support,33,Follow-up Required,4
CALL00318,CUST00349,AG001,2025-08-26 18:00:00,Phone,Cancellation,4,Follow-up Required,1
CALL00319,CUST00230,AG002,2025-08-27 12:00:00,Chat,Cancellation,59,Resolved,4
CALL00320,CUST00357,AG002,2025-08-28 06:00:00,Email,Billing,18,No Response,3
CALL00321,CUST00300,AG002,2025-08-29 00:00:00,Chat,Product Query,46,No Response,4
CALL00322,CUST00032,AG002,2025-08-29 18:00:00,Email,Technical Support,24,Resolved,3
CALL00323,CUST00250,AG005,2025-08-30 12:00:00,Email,Cancellation,43,No Response,2
CALL00324,CUST00254,AG003,2025-08-31 06:00:00,Email,Complaint,29,Escalated,3
CALL00325,CUST00259,AG003,2025-09-01 00:00:00,Email,Technical Support,31,Escalated,1
CALL00326,CUST00182,AG002,2025-09-01 18:00:00,Phone,Product Query,58,Resolved,5
CALL00327,CUST00340,AG003,2025-09-02 12:00:00,Phone,Technical Support,28,Follow-up Required,5
CALL00328,CUST00462,AG001,2025-09-03 06:00:00,Chat,Cancellation,9,Resolved,4
CALL00329,CUST00476,AG001,2025-09-04 00:00:00,Phone,Complaint,45,Escalated,2
CALL00330,CUST00166,AG003,2025-09-04 18:00:00,Email,Cancellation,26,No Response,4
CALL00331,CUST00004,AG002,2025-09-05 12:00:00,Chat,Product Query,49,No Response,3
CALL00332,CUST00463,AG004,2025-09-06 06:00:00,Chat,Billing,47,Follow-up Required,5
CALL00333,CUST00145,AG002,2025-09-07 00:00:00,Chat,Complaint,2,Follow-up Required,3
CALL00334,CUST00165,AG005,2025-09-07 18:00:00,Email,Product Query,6,Escalated,5
CALL00335,CUST00344,AG004,2025-09-08 12:00:00,Email,Product Query,29,Follow-up Required,5
CALL00336,CUST00486,AG005,2025-09-09 06:00:00,Chat,Cancellation,26,Resolved,5
CALL00337,CUST00362,AG003,2025-09-10 00:00:00,Phone,Cancellation,28,Escalated,1
CALL00338,CUST00105,AG005,2025-09-10 18:00:00,Email,Cancellation,7,No Response,3
CALL00339,CUST00036,AG003,2025-09-11 12:00:00,Email,Billing,34,No Response,4
CALL00340,CUST00314,AG005,2025-09-12 06:00:00,Phone,Technical Support,56,No Response,2
CALL00341,CUST00169,AG004,2025-09-13 00:00:00,Chat,Technical Support,45,Follow-up Required,4
CALL00342,CUST00008,AG005,2025-09-13 18:00:00,Phone,Cancellation,10,Escalated,3
CALL00343,CUST00451,AG002,2025-09-14 12:00:00,Email,Cancellation,48,Follow-up Required,2
CALL00344,CUST00414,AG003,2025-09-15 06:00:00,Chat,Billing,41,Resolved,4
CALL00345,CUST00086,AG001,2025-09-16 00:00:00,Chat,Technical Support,40,Escalated,2
CALL00346,CUST00436,AG005,2025-09-16 18:00:00,Phone,Billing,57,Follow-up Required,3
CALL00347,CUST00097,AG003,2025-09-17 12:00:00,Email,Product Query,47,No Response,5
CALL00348,CUST00409,AG001,2025-09-18 06:00:00,Email,Technical Support,22,No Response,3
CALL00349,CUST00436,AG003,2025-09-19 00:00:00,Chat,Cancellation,27,Resolved,1
CALL00350,CUST00315,AG003,2025-09-19 18:00:00,Email,Complaint,39,Resolved,2
CALL00351,CUST00030,AG001,2025-09-20 12:00:00,Chat,Product Query,22,Resolved,3
CALL00352,CUST00101,AG001,2025-09-21 06:00:00,Chat,Complaint,55,No Response,5
CALL00353,CUST00067,AG004,2025-09-22 00:00:00,Chat,Billing,19,Follow-up Required,5
CALL00354,CUST00388,AG005,2025-09-22 18:00:00,Email,Billing,36,No Response,3
CALL00355,CUST00349,AG005,2025-09-23 12:00:00,Phone,Billing,9,No Response,4
CALL00356,CUST00441,AG003,2025-09-24 06:00:00,Chat,Cancellation,19,No Response,3
CALL00357,CUST00063,AG002,2025-09-25 00:00:00,Phone,Billing,2,Follow-up Required,5
CALL00358,CUST00032,AG002,2025-09-25 18:00:00,Phone,Complaint,28,No Response,3
CALL00359,CUST00087,AG003,2025-09-26 12:00:00,Phone,Product Query,59,Resolved,1
CALL00360,CUST00211,AG004,2025-09-27 06:00:00,Phone,Cancellation,39,Resolved,4
CALL00361,CUST00463,AG001,2025-09-28 00:00:00,Phone,Product Query,22,Resolved,3
CALL00362,CUST00051,AG003,2025-09-28 18:00:00,Chat,Billing,51,Resolved,5
CALL00363,CUST00063,AG005,2025-09-29 12:00:00,Email,Technical Support,6,No Response,3
CALL00364,CUST00080,AG002,2025-09-30 06:00:00,Phone,Cancellation,47,No Response,3
CALL00365,CUST00343,AG002,2025-10-01 00:00:00,Email,Billing,7,No Response,2
CALL00366,CUST00232,AG002,2025-10-01 18:00:00,Email,Cancellation,6,Resolved,3
CALL00367,CUST00366,AG004,2025-10-02 12:00:00,Chat,Technical Support,33,Follow-up Required,1
CALL00368,CUST00101,AG005,2025-10-03 06:00:00,Phone,Complaint,14,Escalated,5
CALL00369,CUST00129,AG004,2025-10-04 00:00:00,Email,Complaint,1,Escalated,2
CALL00370,CUST00019,AG001,2025-10-04 18:00:00,Email,Complaint,25,Escalated,3
CALL00371,CUST00357,AG003,2025-10-05 12:00:00,Phone,Technical Support,6,Follow-up Required,4
CALL00372,CUST00419,AG003,2025-10-06 06:00:00,Chat,Product Query,28,No Response,1
CALL00373,CUST00447,AG002,2025-10-07 00:00:00,Chat,Technical Support,18,Escalated,1
CALL00374,CUST00094,AG002,2025-10-07 18:00:00,Phone,Technical Support,27,Escalated,1
CALL00375,CUST00081,AG001,2025-10-08 12:00:00,Email,Billing,49,No Response,2
CALL00376,CUST00103,AG004,2025-10-09 06:00:00,Chat,Complaint,59,Escalated,3
CALL00377,CUST00369,AG005,2025-10-10 00:00:00,Chat,Cancellation,2,No Response,1
CALL00378,CUST00154,AG001,2025-10-10 18:00:00,Email,Product Query,40,Escalated,3
CALL00379,CUST00269,AG003,2025-10-11 12:00:00,Email,Cancellation,21,No Response,4
CALL00380,CUST00118,AG003,2025-10-12 06:00:00,Email,Billing,23,Resolved,3
CALL00381,CUST00342,AG004,2025-10-13 00:00:00,Email,Billing,55,Follow-up Required,3
CALL00382,CUST00494,AG001,2025-10-13 18:00:00,Phone,Product Query,2,Escalated,3
CALL00383,CUST00279,AG005,2025-10-14 12:00:00,Email,Cancellation,16,No Response,5
CALL00384,CUST00492,AG001,2025-10-15 06:00:00,Chat,Product Query,4,Resolved,2
CALL00385,CUST00363,AG001,2025-10-16 00:00:00,Email,Product Query,34,No Response,3
CALL00386,CUST00225,AG004,2025-10-16 18:00:00,Email,Complaint,55,Escalated,1
CALL00387,CUST00475,AG005,2025-10-17 12:00:00,Phone,Cancellation,5,Escalated,5
CALL00388,CUST00419,AG003,2025-10-18 06:00:00,Phone,Complaint,49,Escalated,3
CALL00389,CUST00268,AG002,2025-10-19 00:00:00,Email,Complaint,34,Escalated,5
CALL00390,CUST00137,AG005,2025-10-19 18:00:00,Phone,Complaint,22,Escalated,2
CALL00391,CUST00226,AG003,2025-10-20 12:00:00,Phone,Technical Support,46,Resolved,5
CALL00392,CUST00334,AG004,2025-10-21 06:00:00,Phone,Billing,20,No Response,1
CALL00393,CUST00229,AG005,2025-10-22 00:00:00,Phone,Billing,39,No Response,3
CALL00394,CUST00323,AG005,2025-10-22 18:00:00,Email,Technical Support,47,Escalated,1
CALL00395,CUST00108,AG003,2025-10-23 12:00:00,Phone,Product Query,50,No Response,4
CALL00396,CUST00300,AG003,2025-10-24 06:00:00,Phone,Cancellation,13,Resolved,5
CALL00397,CUST00445,AG001,2025-10-25 00:00:00,Chat,Cancellation,44,Escalated,5
CALL00398,CUST00405,AG001,2025-10-25 18:00:00,Email,Cancellation,34,Follow-up Required,5
CALL00399,CUST00007,AG005,2025-10-26 12:00:00,Phone,Complaint,44,Resolved,2
CALL00400,CUST00128,AG002,2025-10-27 06:00:00,Chat,Cancellation,6,Escalated,1
CALL00401,CUST00353,AG004,2025-10-28 00:00:00,Phone,Cancellation,56,No Response,4
CALL00402,CUST00483,AG003,2025-10-28 18:00:00,Email,Cancellation,29,Resolved,2
CALL00403,CUST00267,AG001,2025-10-29 12:00:00,Chat,Billing,33,Escalated,2
CALL00404,CUST00173,AG004,2025-10-30 06:00:00,Chat,Technical Support,53,No Response,3
CALL00405,CUST00416,AG005,2025-10-31 00:00:00,Email,Product Query,1,No Response,4
CALL00406,CUST00214,AG003,2025-10-31 18:00:00,Chat,Technical Support,47,Escalated,5
CALL00407,CUST00247,AG003,2025-11-01 12:00:00,Chat,Cancellation,59,Resolved,5
CALL00408,CUST00106,AG001,2025-11-02 06:00:00,Phone,Product Query,48,Escalated,3
CALL00409,CUST00083,AG002,2025-11-03 00:00:00,Chat,Product Query,54,Escalated,5
CALL00410,CUST00292,AG003,2025-11-03 18:00:00,Email,Technical Support,7,Escalated,1
CALL00411,CUST00374,AG002,2025-11-04 12:00:00,Phone,Technical Support,22,Escalated,5
CALL00412,CUST00421,AG004,2025-11-05 06:00:00,Chat,Technical Support,32,Escalated,1
CALL00413,CUST00203,AG003,2025-11-06 00:00:00,Phone,Technical Support,14,No Response,3
CALL00414,CUST00041,AG003,2025-11-06 18:00:00,Email,Complaint,57,Escalated,3
CALL00415,CUST00205,AG002,2025-11-07 12:00:00,Chat,Billing,51,Resolved,1
CALL00416,CUST00348,AG001,2025-11-08 06:00:00,Email,Billing,24,Follow-up Required,5
CALL00417,CUST00049,AG005,2025-11-09 00:00:00,Email,Cancellation,19,Escalated,3
CALL00418,CUST00143,AG004,2025-11-09 18:00:00,Chat,Complaint,27,Resolved,3
CALL00419,CUST00141,AG003,2025-11-10 12:00:00,Chat,Product Query,23,Follow-up Required,1
CALL00420,CUST00053,AG001,2025-11-11 06:00:00,Phone,Technical Support,45,Resolved,3
CALL00421,CUST00107,AG003,2025-11-12 00:00:00,Email,Cancellation,21,No Response,5
CALL00422,CUST00033,AG004,2025-11-12 18:00:00,Chat,Product Query,44,No Response,3
CALL00423,CUST00200,AG005,2025-11-13 12:00:00,Email,Billing,29,Follow-up Required,1
CALL00424,CUST00119,AG003,2025-11-14 06:00:00,Chat,Product Query,1,Follow-up Required,5
CALL00425,CUST00288,AG002,2025-11-15 00:00:00,Email,Technical Support,31,Follow-up Required,4
CALL00426,CUST00229,AG001,2025-11-15 18:00:00,Phone,Technical Support,27,No Response,1
CALL00427,CUST00118,AG005,2025-11-16 12:00:00,Email,Billing,44,No Response,4
CALL00428,CUST00176,AG003,2025-11-17 06:00:00,Chat,Technical Support,36,Resolved,3
CALL00429,CUST00452,AG005,2025-11-18 00:00:00,Phone,Complaint,27,No Response,5
CALL00430,CUST00185,AG002,2025-11-18 18:00:00,Phone,Cancellation,15,Follow-up Required,3
CALL00431,CUST00318,AG003,2025-11-19 12:00:00,Chat,Billing,25,Escalated,5
CALL00432,CUST00499,AG005,2025-11-20 06:00:00,Phone,Billing,48,Escalated,2
CALL00433,CUST00338,AG003,2025-11-21 00:00:00,Email,Product Query,15,Follow-up Required,3
CALL00434,CUST00215,AG003,2025-11-21 18:00:00,Email,Billing,40,No Response,3
CALL00435,CUST00221,AG005,2025-11-22 12:00:00,Chat,Cancellation,19,Follow-up Required,3
CALL00436,CUST00130,AG003,2025-11-23 06:00:00,Email,Complaint,47,No Response,1
CALL00437,CUST00333,AG002,2025-11-24 00:00:00,Chat,Product Query,50,Escalated,5
CALL00438,CUST00272,AG005,2025-11-24 18:00:00,Phone,Cancellation,11,Resolved,5
CALL00439,CUST00246,AG005,2025-11-25 12:00:00,Email,Billing,41,No Response,5
CALL00440,CUST00123,AG002,2025-11-26 06:00:00,Chat,Technical Support,33,Resolved,1
CALL00441,CUST00008,AG002,2025-11-27 00:00:00,Email,Technical Support,41,Escalated,5
CALL00442,CUST00403,AG002,2025-11-27 18:00:00,Phone,Cancellation,23,Resolved,3
CALL00443,CUST00416,AG003,2025-11-28 12:00:00,Phone,Complaint,12,Resolved,4
CALL00444,CUST00067,AG003,2025-11-29 06:00:00,Email,Technical Support,2,Follow-up Required,2
CALL00445,CUST00115,AG004,2025-11-30 00:00:00,Phone,Cancellation,43,Resolved,5
CALL00446,CUST00369,AG003,2025-11-30 18:00:00,Chat,Product Query,21,Escalated,1
CALL00447,CUST00288,AG002,2025-12-01 12:00:00,Email,Billing,14,No Response,1
CALL00448,CUST00105,AG004,2025-12-02 06:00:00,Email,Complaint,34,Resolved,5
CALL00449,CUST00469,AG002,2025-12-03 00:00:00,Phone,Complaint,15,No Response,4
CALL00450,CUST00025,AG001,2025-12-03 18:00:00,Chat,Product Query,21,Follow-up Required,5
CALL00451,CUST00053,AG005,2025-12-04 12:00:00,Email,Complaint,23,Escalated,1
CALL00452,CUST00247,AG001,2025-12-05 06:00:00,Email,Cancellation,21,Escalated,2
CALL00453,CUST00337,AG002,2025-12-06 00:00:00,Phone,Complaint,50,No Response,4
CALL00454,CUST00281,AG003,2025-12-06 18:00:00,Phone,Complaint,59,Escalated,5
CALL00455,CUST00033,AG005,2025-12-07 12:00:00,Chat,Complaint,14,Follow-up Required,2
CALL00456,CUST00287,AG003,2025-12-08 06:00:00,Chat,Cancellation,21,No Response,5
CALL00457,CUST00036,AG003,2025-12-09 00:00:00,Phone,Billing,12,Escalated,4
CALL00458,CUST00343,AG005,2025-12-09 18:00:00,Chat,Technical Support,42,Follow-up Required,1
CALL00459,CUST00379,AG005,2025-12-10 12:00:00,Phone,Complaint,46,Follow-up Required,4
CALL00460,CUST00239,AG001,2025-12-11 06:00:00,Email,Product Query,54,Resolved,3
CALL00461,CUST00492,AG002,2025-12-12 00:00:00,Phone,Product Query,47,Escalated,5
CALL00462,CUST00217,AG003,2025-12-12 18:00:00,Phone,Cancellation,5,No Response,2
CALL00463,CUST00177,AG002,2025-12-13 12:00:00,Phone,Billing,2,Resolved,2
CALL00464,CUST00044,AG002,2025-12-14 06:00:00,Email,Complaint,22,No Response,4
CALL00465,CUST00304,AG004,2025-12-15 00:00:00,Chat,Cancellation,6,Resolved,4
CALL00466,CUST00158,AG001,2025-12-15 18:00:00,Chat,Technical Support,44,Follow-up Required,4
CALL00467,CUST00269,AG003,2025-12-16 12:00:00,Chat,Billing,2,Resolved,2
CALL00468,CUST00171,AG005,2025-12-17 06:00:00,Phone,Billing,29,Resolved,1
CALL00469,CUST00495,AG005,2025-12-18 00:00:00,Phone,Cancellation,36,Resolved,2
CALL00470,CUST00221,AG002,2025-12-18 18:00:00,Chat,Product Query,7,Escalated,1
CALL00471,CUST00400,AG001,2025-12-19 12:00:00,Email,Billing,16,Resolved,4
CALL00472,CUST00230,AG001,2025-12-20 06:00:00,Email,Product Query,33,Follow-up Required,3
CALL00473,CUST00091,AG003,2025-12-21 00:00:00,Email,Billing,33,No Response,2
CALL00474,CUST00410,AG003,2025-12-21 18:00:00,Email,Billing,14,Escalated,4
CALL00475,CUST00459,AG002,2025-12-22 12:00:00,Phone,Billing,43,Follow-up Required,2
CALL00476,CUST00431,AG002,2025-12-23 06:00:00,Chat,Technical Support,12,Escalated,4
CALL00477,CUST00421,AG002,2025-12-24 00:00:00,Email,Product Query,43,No Response,2
CALL00478,CUST00131,AG004,2025-12-24 18:00:00,Phone,Technical Support,6,No Response,5
CALL00479,CUST00410,AG001,2025-12-25 12:00:00,Phone,Product Query,55,No Response,2
CALL00480,CUST00226,AG002,2025-12-26 06:00:00,Phone,Technical Support,12,Escalated,5
CALL00481,CUST00225,AG001,2025-12-27 00:00:00,Chat,Technical Support,53,Escalated,1
CALL00482,CUST00143,AG005,2025-12-27 18:00:00,Phone,Technical Support,31,No Response,2
CALL00483,CUST00066,AG005,2025-12-28 12:00:00,Chat,Cancellation,12,No Response,1
CALL00484,CUST00028,AG001,2025-12-29 06:00:00,Chat,Technical Support,10,Follow-up Required,3
CALL00485,CUST00125,AG005,2025-12-30 00:00:00,Chat,Billing,40,No Response,5
CALL00486,CUST00212,AG005,2025-12-30 18:00:00,Chat,Complaint,27,Resolved,2
CALL00487,CUST00422,AG005,2025-12-31 12:00:00,Phone,Technical Support,52,Escalated,1
CALL00488,CUST00428,AG003,2026-01-01 06:00:00,Phone,Complaint,51,Follow-up Required,4
CALL00489,CUST00437,AG003,2026-01-02 00:00:00,Phone,Complaint,7,Escalated,1
CALL00490,CUST00080,AG001,2026-01-02 18:00:00,Email,Billing,46,No Response,2
CALL00491,CUST00238,AG001,2026-01-03 12:00:00,Email,Complaint,36,Resolved,3
CALL00492,CUST00132,AG004,2026-01-04 06:00:00,Chat,Complaint,33,No Response,5
CALL00493,CUST00328,AG003,2026-01-05 00:00:00,Chat,Complaint,27,Escalated,4
CALL00494,CUST00300,AG001,2026-01-05 18:00:00,Chat,Product Query,8,Follow-up Required,1
CALL00495,CUST00119,AG003,2026-01-06 12:00:00,Chat,Technical Support,5,Escalated,2
CALL00496,CUST00046,AG004,2026-01-07 06:00:00,Chat,Technical Support,8,Follow-up Required,2
CALL00497,CUST00084,AG001,2026-01-08 00:00:00,Email,Complaint,40,Resolved,5
CALL00498,CUST00282,AG001,2026-01-08 18:00:00,Chat,Billing,21,No Response,4
CALL00499,CUST00352,AG001,2026-01-09 12:00:00,Phone,Product Query,24,No Response,1
CALL00500,CUST00013,AG001,2026-01-10 06:00:00,Chat,Billing,7,Resolved,1
CALL00501,CUST00125,AG002,2026-01-11 00:00:00,Phone,Billing,19,Escalated,1
CALL00502,CUST00325,AG003,2026-01-11 18:00:00,Phone,Complaint,31,Resolved,5
CALL00503,CUST00172,AG003,2026-01-12 12:00:00,Phone,Cancellation,36,No Response,5
CALL00504,CUST00234,AG003,2026-01-13 06:00:00,Phone,Complaint,27,Follow-up Required,4
CALL00505,CUST00181,AG004,2026-01-14 00:00:00,Chat,Cancellation,29,No Response,1
CALL00506,CUST00051,AG002,2026-01-14 18:00:00,Chat,Product Query,23,Escalated,1
CALL00507,CUST00269,AG003,2026-01-15 12:00:00,Chat,Cancellation,20,Follow-up Required,4
CALL00508,CUST00169,AG003,2026-01-16 06:00:00,Chat,Complaint,6,Escalated,4
CALL00509,CUST00395,AG001,2026-01-17 00:00:00,Chat,Complaint,12,No Response,4
CALL00510,CUST00421,AG001,2026-01-17 18:00:00,Email,Billing,50,No Response,2
CALL00511,CUST00316,AG001,2026-01-18 12:00:00,Phone,Complaint,12,Follow-up Required,4
CALL00512,CUST00288,AG003,2026-01-19 06:00:00,Phone,Complaint,50,Escalated,3
CALL00513,CUST00429,AG001,2026-01-20 00:00:00,Email,Technical Support,3,Follow-up Required,5
CALL00514,CUST00490,AG003,2026-01-20 18:00:00,Email,Technical Support,42,Follow-up Required,4
CALL00515,CUST00274,AG004,2026-01-21 12:00:00,Chat,Billing,39,Escalated,2
CALL00516,CUST00349,AG004,2026-01-22 06:00:00,Chat,Cancellation,35,Follow-up Required,3
CALL00517,CUST00207,AG005,2026-01-23 00:00:00,Phone,Cancellation,19,Resolved,2
CALL00518,CUST00148,AG002,2026-01-23 18:00:00,Chat,Technical Support,45,Follow-up Required,2
CALL00519,CUST00300,AG001,2026-01-24 12:00:00,Phone,Product Query,4,No Response,2
CALL00520,CUST00420,AG001,2026-01-25 06:00:00,Chat,Technical Support,31,Escalated,2
CALL00521,CUST00453,AG002,2026-01-26 00:00:00,Chat,Product Query,42,No Response,1
CALL00522,CUST00488,AG002,2026-01-26 18:00:00,Phone,Cancellation,38,Resolved,5
CALL00523,CUST00037,AG005,2026-01-27 12:00:00,Email,Technical Support,33,Resolved,1
CALL00524,CUST00161,AG002,2026-01-28 06:00:00,Email,Complaint,6,Follow-up Required,3
CALL00525,CUST00466,AG003,2026-01-29 00:00:00,Chat,Product Query,8,No Response,1
CALL00526,CUST00383,AG001,2026-01-29 18:00:00,Email,Product Query,28,Follow-up Required,3
CALL00527,CUST00275,AG002,2026-01-30 12:00:00,Chat,Product Query,15,Follow-up Required,4
CALL00528,CUST00435,AG003,2026-01-31 06:00:00,Email,Cancellation,31,No Response,3
CALL00529,CUST00288,AG002,2026-02-01 00:00:00,Email,Billing,8,Resolved,1
CALL00530,CUST00106,AG003,2026-02-01 18:00:00,Phone,Complaint,54,Resolved,1
CALL00531,CUST00022,AG004,2026-02-02 12:00:00,Email,Technical Support,6,Resolved,3
CALL00532,CUST00233,AG003,2026-02-03 06:00:00,Chat,Product Query,29,Escalated,1
CALL00533,CUST00122,AG005,2026-02-04 00:00:00,Phone,Cancellation,51,Escalated,3
CALL00534,CUST00129,AG003,2026-02-04 18:00:00,Email,Product Query,46,Follow-up Required,2
CALL00535,CUST00310,AG002,2026-02-05 12:00:00,Phone,Technical Support,34,Escalated,5
CALL00536,CUST00217,AG004,2026-02-06 06:00:00,Email,Complaint,7,Escalated,3
CALL00537,CUST00148,AG004,2026-02-07 00:00:00,Chat,Product Query,40,No Response,2
CALL00538,CUST00058,AG003,2026-02-07 18:00:00,Chat,Cancellation,10,Follow-up Required,2
CALL00539,CUST00419,AG002,2026-02-08 12:00:00,Phone,Cancellation,13,Follow-up Required,2
CALL00540,CUST00237,AG004,2026-02-09 06:00:00,Email,Billing,22,No Response,2
CALL00541,CUST00070,AG003,2026-02-10 00:00:00,Email,Cancellation,21,Resolved,3
CALL00542,CUST00454,AG003,2026-02-10 18:00:00,Phone,Billing,52,No Response,1
CALL00543,CUST00189,AG003,2026-02-11 12:00:00,Phone,Complaint,1,Resolved,2
CALL00544,CUST00242,AG004,2026-02-12 06:00:00,Chat,Technical Support,41,Follow-up Required,4
CALL00545,CUST00063,AG001,2026-02-13 00:00:00,Phone,Billing,59,Follow-up Required,2
CALL00546,CUST00485,AG002,2026-02-13 18:00:00,Email,Product Query,42,Escalated,1
CALL00547,CUST00241,AG005,2026-02-14 12:00:00,Phone,Product Query,52,Escalated,1
CALL00548,CUST00445,AG005,2026-02-15 06:00:00,Chat,Technical Support,2,No Response,5
CALL00549,CUST00185,AG002,2026-02-16 00:00:00,Phone,Cancellation,52,Escalated,5
CALL00550,CUST00259,AG001,2026-02-16 18:00:00,Email,Product Query,29,Follow-up Required,2
CALL00551,CUST00229,AG002,2026-02-17 12:00:00,Phone,Billing,11,Follow-up Required,2
CALL00552,CUST00223,AG003,2026-02-18 06:00:00,Phone,Technical Support,37,Resolved,5
CALL00553,CUST00099,AG002,2026-02-19 00:00:00,Phone,Product Query,50,Escalated,2
CALL00554,CUST00247,AG002,2026-02-19 18:00:00,Chat,Cancellation,7,Resolved,4
CALL00555,CUST00045,AG004,2026-02-20 12:00:00,Chat,Cancellation,35,Follow-up Required,3
CALL00556,CUST00399,AG005,2026-02-21 06:00:00,Chat,Product Query,30,Escalated,5
CALL00557,CUST00273,AG005,2026-02-22 00:00:00,Chat,Technical Support,16,Resolved,5
CALL00558,CUST00399,AG003,2026-02-22 18:00:00,Email,Complaint,15,Follow-up Required,1
CALL00559,CUST00005,AG003,2026-02-23 12:00:00,Email,Product Query,40,Resolved,2
CALL00560,CUST00470,AG004,2026-02-24 06:00:00,Chat,Cancellation,20,Escalated,5
CALL00561,CUST00430,AG003,2026-02-25 00:00:00,Chat,Complaint,28,Resolved,5
CALL00562,CUST00011,AG001,2026-02-25 18:00:00,Chat,Technical Support,59,Resolved,4
CALL00563,CUST00448,AG004,2026-02-26 12:00:00,Phone,Cancellation,37,Follow-up Required,2
CALL00564,CUST00348,AG004,2026-02-27 06:00:00,Email,Technical Support,3,Escalated,3
CALL00565,CUST00398,AG002,2026-02-28 00:00:00,Phone,Product Query,29,No Response,4
CALL00566,CUST00039,AG002,2026-02-28 18:00:00,Chat,Technical Support,59,No Response,3
CALL00567,CUST00451,AG001,2026-03-01 12:00:00,Email,Cancellation,37,Resolved,1
CALL00568,CUST00439,AG004,2026-03-02 06:00:00,Chat,Product Query,9,Follow-up Required,5
CALL00569,CUST00500,AG004,2026-03-03 00:00:00,Phone,Cancellation,27,Escalated,4
CALL00570,CUST00042,AG002,2026-03-03 18:00:00,Email,Cancellation,32,Follow-up Required,3
CALL00571,CUST00203,AG005,2026-03-04 12:00:00,Phone,Complaint,48,Escalated,2
CALL00572,CUST00094,AG005,2026-03-05 06:00:00,Email,Billing,46,Follow-up Required,1
CALL00573,CUST00486,AG002,2026-03-06 00:00:00,Chat,Technical Support,50,No Response,1
CALL00574,CUST00005,AG003,2026-03-06 18:00:00,Email,Technical Support,39,No Response,5
CALL00575,CUST00052,AG004,2026-03-07 12:00:00,Phone,Complaint,31,No Response,5
CALL00576,CUST00150,AG001,2026-03-08 06:00:00,Phone,Technical Support,47,Follow-up Required,3
CALL00577,CUST00205,AG005,2026-03-09 00:00:00,Phone,Complaint,26,Follow-up Required,3
CALL00578,CUST00300,AG003,2026-03-09 18:00:00,Phone,Technical Support,40,Resolved,1
CALL00579,CUST00499,AG004,2026-03-10 12:00:00,Chat,Technical Support,3,No Response,3
CALL00580,CUST00371,AG003,2026-03-11 06:00:00,Phone,Cancellation,11,Resolved,5
CALL00581,CUST00469,AG004,2026-03-12 00:00:00,Chat,Complaint,52,Follow-up Required,1
CALL00582,CUST00187,AG004,2026-03-12 18:00:00,Email,Technical Support,29,Escalated,1
CALL00583,CUST00485,AG002,2026-03-13 12:00:00,Phone,Billing,27,No Response,2
CALL00584,CUST00153,AG002,2026-03-14 06:00:00,Email,Complaint,58,No Response,2
CALL00585,CUST00383,AG001,2026-03-15 00:00:00,Email,Complaint,50,No Response,3
CALL00586,CUST00116,AG001,2026-03-15 18:00:00,Chat,Complaint,47,No Response,3
CALL00587,CUST00149,AG003,2026-03-16 12:00:00,Phone,Cancellation,10,No Response,5
CALL00588,CUST00220,AG002,2026-03-17 06:00:00,Chat,Complaint,57,Follow-up Required,5
CALL00589,CUST00192,AG004,2026-03-18 00:00:00,Phone,Cancellation,35,No Response,2
CALL00590,CUST00233,AG002,2026-03-18 18:00:00,Email,Billing,47,No Response,1
CALL00591,CUST00324,AG004,2026-03-19 12:00:00,Chat,Product Query,57,Resolved,4
CALL00592,CUST00221,AG002,2026-03-20 06:00:00,Phone,Cancellation,23,Escalated,4
CALL00593,CUST00047,AG004,2026-03-21 00:00:00,Email,Technical Support,6,No Response,3
CALL00594,CUST00127,AG003,2026-03-21 18:00:00,Chat,Complaint,11,Resolved,4
CALL00595,CUST00291,AG002,2026-03-22 12:00:00,Chat,Product Query,43,Follow-up Required,4
CALL00596,CUST00215,AG005,2026-03-23 06:00:00,Chat,Cancellation,51,Resolved,2
CALL00597,CUST00007,AG005,2026-03-24 00:00:00,Chat,Technical Support,27,No Response,1
CALL00598,CUST00184,AG004,2026-03-24 18:00:00,Email,Product Query,55,Resolved,5
CALL00599,CUST00116,AG003,2026-03-25 12:00:00,Email,Billing,31,Resolved,2
CALL00600,CUST00052,AG004,2026-03-26 06:00:00,Email,Cancellation,59,Follow-up Required,5
CALL00601,CUST00366,AG003,2026-03-27 00:00:00,Email,Cancellation,30,Resolved,2
CALL00602,CUST00046,AG001,2026-03-27 18:00:00,Phone,Billing,3,Follow-up Required,2
CALL00603,CUST00393,AG002,2026-03-28 12:00:00,Email,Cancellation,13,Follow-up Required,4
CALL00604,CUST00442,AG003,2026-03-29 06:00:00,Chat,Complaint,59,Resolved,5
CALL00605,CUST00023,AG004,2026-03-30 00:00:00,Chat,Cancellation,54,No Response,2
CALL00606,CUST00131,AG001,2026-03-30 18:00:00,Chat,Complaint,40,Escalated,4
CALL00607,CUST00127,AG004,2026-03-31 12:00:00,Chat,Cancellation,21,Resolved,3
CALL00608,CUST00445,AG005,2026-04-01 06:00:00,Phone,Technical Support,43,Resolved,5
CALL00609,CUST00265,AG005,2026-04-02 00:00:00,Chat,Technical Support,11,Resolved,2
CALL00610,CUST00309,AG002,2026-04-02 18:00:00,Chat,Product Query,45,Escalated,3
CALL00611,CUST00196,AG002,2026-04-03 12:00:00,Chat,Technical Support,3,Escalated,4
CALL00612,CUST00433,AG001,2026-04-04 06:00:00,Email,Billing,38,Follow-up Required,2
CALL00613,CUST00473,AG005,2026-04-05 00:00:00,Email,Product Query,31,Escalated,4
CALL00614,CUST00454,AG003,2026-04-05 18:00:00,Phone,Technical Support,24,Escalated,4
CALL00615,CUST00048,AG005,2026-04-06 12:00:00,Phone,Complaint,42,Resolved,4
CALL00616,CUST00379,AG002,2026-04-07 06:00:00,Phone,Cancellation,51,Follow-up Required,5
CALL00617,CUST00082,AG004,2026-04-08 00:00:00,Chat,Technical Support,12,No Response,3
CALL00618,CUST00109,AG001,2026-04-08 18:00:00,Phone,Complaint,46,Follow-up Required,3
CALL00619,CUST00263,AG005,2026-04-09 12:00:00,Email,Product Query,43,Escalated,1
CALL00620,CUST00355,AG003,2026-04-10 06:00:00,Email,Cancellation,27,Escalated,2
CALL00621,CUST00031,AG003,2026-04-11 00:00:00,Email,Technical Support,21,Resolved,4
CALL00622,CUST00358,AG003,2026-04-11 18:00:00,Chat,Product Query,25,No Response,2
CALL00623,CUST00056,AG001,2026-04-12 12:00:00,Chat,Technical Support,30,No Response,3
CALL00624,CUST00480,AG003,2026-04-13 06:00:00,Phone,Product Query,30,No Response,3
CALL00625,CUST00355,AG003,2026-04-14 00:00:00,Phone,Technical Support,58,Escalated,4
CALL00626,CUST00189,AG005,2026-04-14 18:00:00,Phone,Complaint,10,Escalated,5
CALL00627,CUST00476,AG001,2026-04-15 12:00:00,Phone,Billing,3,Follow-up Required,4
CALL00628,CUST00492,AG004,2026-04-16 06:00:00,Chat,Complaint,13,Escalated,4
CALL00629,CUST00005,AG004,2026-04-17 00:00:00,Email,Cancellation,27,No Response,1
CALL00630,CUST00286,AG003,2026-04-17 18:00:00,Chat,Technical Support,18,No Response,5
CALL00631,CUST00278,AG002,2026-04-18 12:00:00,Phone,Billing,59,No Response,2
CALL00632,CUST00145,AG001,2026-04-19 06:00:00,Chat,Billing,45,Resolved,5
CALL00633,CUST00394,AG002,2026-04-20 00:00:00,Email,Cancellation,24,Follow-up Required,4
CALL00634,CUST00455,AG001,2026-04-20 18:00:00,Chat,Cancellation,46,Follow-up Required,4
CALL00635,CUST00196,AG001,2026-04-21 12:00:00,Email,Billing,14,Escalated,4
CALL00636,CUST00426,AG005,2026-04-22 06:00:00,Phone,Cancellation,39,Resolved,4
CALL00637,CUST00027,AG003,2026-04-23 00:00:00,Chat,Cancellation,44,Follow-up Required,4
CALL00638,CUST00127,AG005,2026-04-23 18:00:00,Phone,Technical Support,57,Resolved,5
CALL00639,CUST00135,AG002,2026-04-24 12:00:00,Phone,Complaint,4,Resolved,4
CALL00640,CUST00023,AG002,2026-04-25 06:00:00,Email,Product Query,16,Escalated,3
CALL00641,CUST00331,AG004,2026-04-26 00:00:00,Email,Billing,51,Resolved,3
CALL00642,CUST00117,AG005,2026-04-26 18:00:00,Phone,Product Query,10,Follow-up Required,1
CALL00643,CUST00392,AG005,2026-04-27 12:00:00,Email,Billing,48,Escalated,2
CALL00644,CUST00008,AG005,2026-04-28 06:00:00,Email,Billing,37,Follow-up Required,3
CALL00645,CUST00101,AG004,2026-04-29 00:00:00,Phone,Complaint,27,Resolved,1
CALL00646,CUST00261,AG005,2026-04-29 18:00:00,Phone,Billing,48,Resolved,5
CALL00647,CUST00199,AG005,2026-04-30 12:00:00,Email,Billing,1,No Response,2
CALL00648,CUST00086,AG005,2026-05-01 06:00:00,Phone,Complaint,5,Escalated,4
CALL00649,CUST00228,AG005,2026-05-02 00:00:00,Phone,Cancellation,13,Escalated,4
CALL00650,CUST00386,AG002,2026-05-02 18:00:00,Email,Product Query,45,No Response,5
CALL00651,CUST00472,AG003,2026-05-03 12:00:00,Chat,Billing,3,Follow-up Required,2
CALL00652,CUST00179,AG002,2026-05-04 06:00:00,Chat,Complaint,17,Follow-up Required,3
CALL00653,CUST00450,AG005,2026-05-05 00:00:00,Phone,Billing,19,Resolved,2
CALL00654,CUST00240,AG001,2026-05-05 18:00:00,Email,Complaint,37,Escalated,1
CALL00655,CUST00012,AG001,2026-05-06 12:00:00,Phone,Product Query,5,Resolved,5
CALL00656,CUST00303,AG004,2026-05-07 06:00:00,Email,Technical Support,47,No Response,3
CALL00657,CUST00234,AG002,2026-05-08 00:00:00,Phone,Cancellation,42,Resolved,2
CALL00658,CUST00183,AG004,2026-05-08 18:00:00,Phone,Technical Support,44,Follow-up Required,2
CALL00659,CUST00282,AG004,2026-05-09 12:00:00,Email,Complaint,24,Follow-up Required,3
CALL00660,CUST00358,AG001,2026-05-10 06:00:00,Phone,Billing,43,No Response,1
CALL00661,CUST00376,AG002,2026-05-11 00:00:00,Chat,Cancellation,33,Follow-up Required,1
CALL00662,CUST00429,AG003,2026-05-11 18:00:00,Chat,Product Query,55,No Response,2
CALL00663,CUST00190,AG002,2026-05-12 12:00:00,Email,Cancellation,21,Escalated,4
CALL00664,CUST00326,AG004,2026-05-13 06:00:00,Phone,Billing,3,No Response,3
CALL00665,CUST00215,AG005,2026-05-14 00:00:00,Chat,Technical Support,4,No Response,1
CALL00666,CUST00258,AG004,2026-05-14 18:00:00,Email,Complaint,51,No Response,1
CALL00667,CUST00026,AG002,2026-05-15 12:00:00,Email,Technical Support,32,Follow-up Required,1
CALL00668,CUST00270,AG001,2026-05-16 06:00:00,Email,Cancellation,24,Escalated,5
CALL00669,CUST00082,AG002,2026-05-17 00:00:00,Chat,Billing,52,Resolved,4
CALL00670,CUST00358,AG003,2026-05-17 18:00:00,Chat,Complaint,35,Escalated,1
CALL00671,CUST00185,AG005,2026-05-18 12:00:00,Chat,Billing,18,Follow-up Required,4
CALL00672,CUST00288,AG005,2026-05-19 06:00:00,Chat,Billing,3,Escalated,2
CALL00673,CUST00062,AG004,2026-05-20 00:00:00,Phone,Cancellation,39,Escalated,2
CALL00674,CUST00371,AG002,2026-05-20 18:00:00,Chat,Technical Support,54,No Response,5
CALL00675,CUST00462,AG001,2026-05-21 12:00:00,Email,Billing,26,No Response,4
CALL00676,CUST00030,AG003,2026-05-22 06:00:00,Phone,Billing,53,Follow-up Required,3
CALL00677,CUST00397,AG004,2026-05-23 00:00:00,Chat,Billing,24,No Response,5
CALL00678,CUST00424,AG002,2026-05-23 18:00:00,Phone,Complaint,59,Follow-up Required,1
CALL00679,CUST00031,AG001,2026-05-24 12:00:00,Email,Billing,1,Resolved,2
CALL00680,CUST00293,AG002,2026-05-25 06:00:00,Chat,Billing,51,Escalated,2
CALL00681,CUST00173,AG001,2026-05-26 00:00:00,Phone,Cancellation,50,Resolved,3
CALL00682,CUST00102,AG002,2026-05-26 18:00:00,Chat,Billing,34,Resolved,5
CALL00683,CUST00128,AG002,2026-05-27 12:00:00,Phone,Billing,59,Escalated,4
CALL00684,CUST00086,AG004,2026-05-28 06:00:00,Phone,Cancellation,12,No Response,2
CALL00685,CUST00315,AG002,2026-05-29 00:00:00,Email,Complaint,17,Resolved,1
CALL00686,CUST00028,AG002,2026-05-29 18:00:00,Email,Technical Support,21,Escalated,3
CALL00687,CUST00122,AG004,2026-05-30 12:00:00,Chat,Cancellation,21,Resolved,3
CALL00688,CUST00251,AG004,2026-05-31 06:00:00,Chat,Complaint,3,Resolved,3
CALL00689,CUST00061,AG005,2026-06-01 00:00:00,Phone,Technical Support,44,Escalated,1
CALL00690,CUST00403,AG005,2026-06-01 18:00:00,Email,Billing,28,No Response,3
CALL00691,CUST00171,AG004,2026-06-02 12:00:00,Email,Cancellation,25,Follow-up Required,4
CALL00692,CUST00443,AG003,2026-06-03 06:00:00,Phone,Billing,44,Escalated,4
CALL00693,CUST00272,AG001,2026-06-04 00:00:00,Email,Cancellation,6,Follow-up Required,5
CALL00694,CUST00325,AG004,2026-06-04 18:00:00,Email,Technical Support,42,Escalated,5
CALL00695,CUST00300,AG005,2026-06-05 12:00:00,Phone,Complaint,30,Escalated,4
CALL00696,CUST00113,AG002,2026-06-06 06:00:00,Chat,Cancellation,32,Follow-up Required,1
CALL00697,CUST00194,AG004,2026-06-07 00:00:00,Chat,Complaint,22,Follow-up Required,5
CALL00698,CUST00394,AG004,2026-06-07 18:00:00,Chat,Billing,58,No Response,3
CALL00699,CUST00431,AG005,2026-06-08 12:00:00,Phone,Billing,38,Escalated,4
CALL00700,CUST00019,AG005,2026-06-09 06:00:00,Chat,Technical Support,14,Escalated,2
